row_id,cv_iter,fold
2,0,0
3,0,0
8,0,0
9,0,0
22,0,0
27,0,0
28,0,0
29,0,0
42,0,0
52,0,0
53,0,0
54,0,0
55,0,0
56,0,0
57,0,0
58,0,0
59,0,0
60,0,0
69,0,0
75,0,0
78,0,0
79,0,0
80,0,0
81,0,0
94,0,0
100,0,0
102,0,0
103,0,0
105,0,0
111,0,0
112,0,0
113,0,0
114,0,0
115,0,0
116,0,0
117,0,0
118,0,0
127,0,0
131,0,0
132,0,0
135,0,0
136,0,0
137,0,0
138,0,0
139,0,0
140,0,0
141,0,0
155,0,0
158,0,0
160,0,0
190,0,0
191,0,0
196,0,0
197,0,0
198,0,0
208,0,0
210,0,0
212,0,0
214,0,0
217,0,0
221,0,0
233,0,0
234,0,0
250,0,0
251,0,0
253,0,0
259,0,0
265,0,0
286,0,0
293,0,0
295,0,0
298,0,0
315,0,0
319,0,0
321,0,0
322,0,0
324,0,0
332,0,0
338,0,0
341,0,0
342,0,0
349,0,0
350,0,0
352,0,0
369,0,0
374,0,0
389,0,0
394,0,0
404,0,0
409,0,0
418,0,0
425,0,0
452,0,0
462,0,0
463,0,0
464,0,0
469,0,0
483,0,0
488,0,0
489,0,0
495,0,0
501,0,0
503,0,0
505,0,0
510,0,0
511,0,0
515,0,0
518,0,0
523,0,0
525,0,0
527,0,0
529,0,0
533,0,0
541,0,0
544,0,0
545,0,0
551,0,0
552,0,0
553,0,0
556,0,0
557,0,0
558,0,0
560,0,0
564,0,0
565,0,0
568,0,0
570,0,0
583,0,0
586,0,0
590,0,0
593,0,0
594,0,0
597,0,0
601,0,0
606,0,0
611,0,0
616,0,0
622,0,0
623,0,0
624,0,0
635,0,0
638,0,0
639,0,0
642,0,0
643,0,0
649,0,0
670,0,0
677,0,0
678,0,0
684,0,0
691,0,0
698,0,0
701,0,0
702,0,0
706,0,0
709,0,0
713,0,0
715,0,0
719,0,0
720,0,0
721,0,0
727,0,0
729,0,0
731,0,0
732,0,0
746,0,0
749,0,0
758,0,0
772,0,0
773,0,0
777,0,0
778,0,0
782,0,0
784,0,0
795,0,0
796,0,0
802,0,0
803,0,0
810,0,0
817,0,0
821,0,0
822,0,0
827,0,0
831,0,0
837,0,0
849,0,0
868,0,0
883,0,0
885,0,0
886,0,0
905,0,0
914,0,0
924,0,0
925,0,0
933,0,0
939,0,0
943,0,0
947,0,0
974,0,0
975,0,0
989,0,0
994,0,0
1003,0,0
1005,0,0
1006,0,0
1007,0,0
1025,0,0
1033,0,0
1034,0,0
1039,0,0
1040,0,0
1048,0,0
1049,0,0
1054,0,0
1067,0,0
1068,0,0
1072,0,0
1075,0,0
1076,0,0
1097,0,0
1098,0,0
1102,0,0
1112,0,0
1119,0,0
1122,0,0
1137,0,0
1139,0,0
1151,0,0
1154,0,0
1166,0,0
1167,0,0
1168,0,0
1169,0,0
1171,0,0
1173,0,0
1178,0,0
1181,0,0
1189,0,0
1192,0,0
1196,0,0
1198,0,0
1201,0,0
1203,0,0
1215,0,0
1222,0,0
1242,0,0
1244,0,0
1260,0,0
1286,0,0
1287,0,0
1300,0,0
1301,0,0
1306,0,0
1339,0,0
1356,0,0
1357,0,0
1361,0,0
1394,0,0
1398,0,0
1400,0,0
1410,0,0
1413,0,0
1414,0,0
1415,0,0
1436,0,0
1440,0,0
1448,0,0
1449,0,0
1453,0,0
1462,0,0
1464,0,0
1465,0,0
1466,0,0
1467,0,0
1477,0,0
1480,0,0
1481,0,0
1484,0,0
1485,0,0
1486,0,0
1487,0,0
1488,0,0
1490,0,0
1492,0,0
1505,0,0
1513,0,0
1515,0,0
1516,0,0
1529,0,0
1530,0,0
1534,0,0
1536,0,0
1537,0,0
1542,0,0
1553,0,0
1558,0,0
1569,0,0
1576,0,0
1578,0,0
1592,0,0
1594,0,0
1597,0,0
1598,0,0
1600,0,0
1614,0,0
1617,0,0
1618,0,0
1619,0,0
1620,0,0
1634,0,0
1638,0,0
1642,0,0
1643,0,0
1644,0,0
1652,0,0
1666,0,0
1667,0,0
1668,0,0
1671,0,0
1672,0,0
1673,0,0
1679,0,0
1681,0,0
1688,0,0
1689,0,0
1703,0,0
1704,0,0
1706,0,0
1713,0,0
1715,0,0
1722,0,0
1724,0,0
1726,0,0
1728,0,0
1729,0,0
1737,0,0
1738,0,0
1740,0,0
1743,0,0
1744,0,0
1756,0,0
1758,0,0
1763,0,0
1765,0,0
1775,0,0
1789,0,0
1791,0,0
1793,0,0
1798,0,0
1801,0,0
1804,0,0
1805,0,0
1807,0,0
1808,0,0
1818,0,0
1821,0,0
1827,0,0
1829,0,0
1830,0,0
1831,0,0
1832,0,0
1833,0,0
1843,0,0
1848,0,0
1851,0,0
1857,0,0
1860,0,0
1863,0,0
1869,0,0
1884,0,0
1886,0,0
1887,0,0
1888,0,0
1898,0,0
1908,0,0
1909,0,0
1911,0,0
1912,0,0
1916,0,0
1917,0,0
1927,0,0
1928,0,0
1929,0,0
1935,0,0
1941,0,0
1942,0,0
1945,0,0
1948,0,0
1949,0,0
1952,0,0
1957,0,0
1958,0,0
1967,0,0
1969,0,0
1970,0,0
1972,0,0
1975,0,0
1976,0,0
1977,0,0
1978,0,0
1979,0,0
2000,0,0
2004,0,0
2005,0,0
2006,0,0
2009,0,0
2011,0,0
2026,0,0
2031,0,0
2035,0,0
2039,0,0
2041,0,0
2042,0,0
2045,0,0
2048,0,0
2060,0,0
2062,0,0
2065,0,0
2075,0,0
2083,0,0
2085,0,0
2089,0,0
2094,0,0
2098,0,0
2113,0,0
2114,0,0
2116,0,0
2117,0,0
2118,0,0
2123,0,0
2124,0,0
2129,0,0
2130,0,0
2133,0,0
2135,0,0
2136,0,0
2137,0,0
2138,0,0
2154,0,0
6,0,1
12,0,1
17,0,1
18,0,1
19,0,1
20,0,1
23,0,1
24,0,1
25,0,1
26,0,1
30,0,1
31,0,1
32,0,1
34,0,1
36,0,1
43,0,1
44,0,1
45,0,1
62,0,1
63,0,1
66,0,1
70,0,1
74,0,1
76,0,1
77,0,1
83,0,1
84,0,1
85,0,1
86,0,1
87,0,1
119,0,1
120,0,1
122,0,1
126,0,1
133,0,1
159,0,1
182,0,1
183,0,1
195,0,1
199,0,1
213,0,1
225,0,1
235,0,1
245,0,1
246,0,1
247,0,1
249,0,1
261,0,1
263,0,1
271,0,1
272,0,1
275,0,1
280,0,1
281,0,1
282,0,1
287,0,1
292,0,1
301,0,1
303,0,1
309,0,1
313,0,1
318,0,1
325,0,1
328,0,1
334,0,1
335,0,1
336,0,1
339,0,1
340,0,1
347,0,1
348,0,1
361,0,1
371,0,1
373,0,1
375,0,1
377,0,1
391,0,1
393,0,1
396,0,1
397,0,1
401,0,1
402,0,1
410,0,1
417,0,1
420,0,1
422,0,1
431,0,1
433,0,1
438,0,1
442,0,1
454,0,1
476,0,1
479,0,1
484,0,1
491,0,1
492,0,1
493,0,1
502,0,1
504,0,1
507,0,1
519,0,1
528,0,1
537,0,1
542,0,1
559,0,1
562,0,1
567,0,1
573,0,1
575,0,1
591,0,1
595,0,1
598,0,1
607,0,1
610,0,1
617,0,1
628,0,1
651,0,1
654,0,1
656,0,1
657,0,1
658,0,1
660,0,1
662,0,1
665,0,1
671,0,1
675,0,1
676,0,1
705,0,1
708,0,1
734,0,1
735,0,1
736,0,1
737,0,1
745,0,1
752,0,1
761,0,1
762,0,1
768,0,1
776,0,1
815,0,1
819,0,1
823,0,1
829,0,1
830,0,1
834,0,1
842,0,1
844,0,1
848,0,1
870,0,1
874,0,1
879,0,1
880,0,1
881,0,1
888,0,1
891,0,1
892,0,1
893,0,1
894,0,1
895,0,1
896,0,1
897,0,1
907,0,1
911,0,1
912,0,1
913,0,1
918,0,1
922,0,1
926,0,1
935,0,1
936,0,1
941,0,1
942,0,1
948,0,1
949,0,1
950,0,1
954,0,1
955,0,1
971,0,1
972,0,1
979,0,1
986,0,1
992,0,1
993,0,1
999,0,1
1000,0,1
1004,0,1
1009,0,1
1014,0,1
1032,0,1
1036,0,1
1037,0,1
1038,0,1
1043,0,1
1045,0,1
1050,0,1
1051,0,1
1055,0,1
1078,0,1
1079,0,1
1084,0,1
1087,0,1
1088,0,1
1094,0,1
1095,0,1
1100,0,1
1101,0,1
1111,0,1
1123,0,1
1124,0,1
1127,0,1
1128,0,1
1129,0,1
1130,0,1
1131,0,1
1134,0,1
1135,0,1
1136,0,1
1140,0,1
1142,0,1
1143,0,1
1144,0,1
1145,0,1
1150,0,1
1152,0,1
1157,0,1
1174,0,1
1176,0,1
1177,0,1
1183,0,1
1184,0,1
1185,0,1
1197,0,1
1202,0,1
1214,0,1
1216,0,1
1217,0,1
1218,0,1
1220,0,1
1221,0,1
1224,0,1
1234,0,1
1241,0,1
1243,0,1
1245,0,1
1246,0,1
1247,0,1
1248,0,1
1255,0,1
1256,0,1
1259,0,1
1261,0,1
1271,0,1
1277,0,1
1282,0,1
1285,0,1
1290,0,1
1291,0,1
1294,0,1
1296,0,1
1297,0,1
1299,0,1
1302,0,1
1303,0,1
1304,0,1
1305,0,1
1311,0,1
1317,0,1
1320,0,1
1321,0,1
1322,0,1
1323,0,1
1324,0,1
1325,0,1
1326,0,1
1333,0,1
1334,0,1
1337,0,1
1338,0,1
1340,0,1
1347,0,1
1348,0,1
1351,0,1
1352,0,1
1353,0,1
1354,0,1
1370,0,1
1371,0,1
1377,0,1
1382,0,1
1383,0,1
1391,0,1
1393,0,1
1395,0,1
1399,0,1
1412,0,1
1416,0,1
1417,0,1
1418,0,1
1428,0,1
1431,0,1
1432,0,1
1433,0,1
1435,0,1
1439,0,1
1447,0,1
1450,0,1
1455,0,1
1460,0,1
1461,0,1
1463,0,1
1469,0,1
1478,0,1
1489,0,1
1491,0,1
1494,0,1
1495,0,1
1498,0,1
1500,0,1
1502,0,1
1512,0,1
1520,0,1
1526,0,1
1531,0,1
1538,0,1
1539,0,1
1543,0,1
1570,0,1
1572,0,1
1573,0,1
1575,0,1
1579,0,1
1580,0,1
1593,0,1
1596,0,1
1604,0,1
1607,0,1
1624,0,1
1639,0,1
1640,0,1
1646,0,1
1654,0,1
1655,0,1
1660,0,1
1661,0,1
1665,0,1
1676,0,1
1678,0,1
1693,0,1
1697,0,1
1708,0,1
1709,0,1
1710,0,1
1716,0,1
1717,0,1
1719,0,1
1770,0,1
1771,0,1
1774,0,1
1777,0,1
1778,0,1
1788,0,1
1794,0,1
1795,0,1
1828,0,1
1834,0,1
1836,0,1
1837,0,1
1838,0,1
1839,0,1
1845,0,1
1846,0,1
1847,0,1
1859,0,1
1861,0,1
1867,0,1
1868,0,1
1875,0,1
1876,0,1
1879,0,1
1880,0,1
1890,0,1
1891,0,1
1892,0,1
1893,0,1
1895,0,1
1903,0,1
1906,0,1
1910,0,1
1918,0,1
1925,0,1
1926,0,1
1932,0,1
1943,0,1
1944,0,1
1953,0,1
1954,0,1
1959,0,1
1961,0,1
1962,0,1
1968,0,1
1971,0,1
1974,0,1
1980,0,1
1982,0,1
1985,0,1
1991,0,1
1992,0,1
1994,0,1
1996,0,1
2013,0,1
2017,0,1
2024,0,1
2025,0,1
2028,0,1
2032,0,1
2044,0,1
2046,0,1
2049,0,1
2052,0,1
2064,0,1
2079,0,1
2111,0,1
2112,0,1
2119,0,1
2120,0,1
2121,0,1
2122,0,1
2128,0,1
2141,0,1
2148,0,1
2149,0,1
2152,0,1
1,0,2
11,0,2
13,0,2
16,0,2
21,0,2
33,0,2
35,0,2
37,0,2
39,0,2
46,0,2
49,0,2
50,0,2
51,0,2
61,0,2
65,0,2
71,0,2
72,0,2
73,0,2
89,0,2
90,0,2
97,0,2
108,0,2
145,0,2
149,0,2
157,0,2
161,0,2
162,0,2
163,0,2
173,0,2
174,0,2
185,0,2
186,0,2
189,0,2
216,0,2
236,0,2
244,0,2
258,0,2
264,0,2
267,0,2
273,0,2
274,0,2
283,0,2
285,0,2
288,0,2
291,0,2
294,0,2
296,0,2
297,0,2
300,0,2
310,0,2
312,0,2
317,0,2
320,0,2
323,0,2
327,0,2
329,0,2
333,0,2
351,0,2
353,0,2
355,0,2
376,0,2
380,0,2
382,0,2
384,0,2
385,0,2
387,0,2
403,0,2
411,0,2
421,0,2
432,0,2
435,0,2
443,0,2
447,0,2
448,0,2
449,0,2
453,0,2
455,0,2
458,0,2
465,0,2
468,0,2
477,0,2
497,0,2
498,0,2
514,0,2
520,0,2
521,0,2
531,0,2
549,0,2
550,0,2
563,0,2
566,0,2
569,0,2
579,0,2
580,0,2
581,0,2
596,0,2
603,0,2
604,0,2
618,0,2
630,0,2
632,0,2
636,0,2
637,0,2
644,0,2
646,0,2
647,0,2
648,0,2
650,0,2
653,0,2
664,0,2
683,0,2
686,0,2
687,0,2
689,0,2
690,0,2
692,0,2
693,0,2
694,0,2
695,0,2
696,0,2
697,0,2
700,0,2
710,0,2
711,0,2
712,0,2
717,0,2
728,0,2
730,0,2
733,0,2
742,0,2
743,0,2
750,0,2
751,0,2
753,0,2
754,0,2
757,0,2
771,0,2
775,0,2
780,0,2
791,0,2
792,0,2
793,0,2
794,0,2
799,0,2
801,0,2
804,0,2
805,0,2
806,0,2
807,0,2
812,0,2
816,0,2
833,0,2
840,0,2
850,0,2
851,0,2
852,0,2
853,0,2
857,0,2
860,0,2
863,0,2
865,0,2
871,0,2
873,0,2
875,0,2
884,0,2
887,0,2
889,0,2
902,0,2
903,0,2
916,0,2
917,0,2
921,0,2
923,0,2
929,0,2
930,0,2
931,0,2
932,0,2
938,0,2
952,0,2
953,0,2
957,0,2
960,0,2
969,0,2
982,0,2
984,0,2
988,0,2
990,0,2
995,0,2
997,0,2
1002,0,2
1008,0,2
1015,0,2
1017,0,2
1019,0,2
1026,0,2
1035,0,2
1041,0,2
1044,0,2
1052,0,2
1053,0,2
1061,0,2
1064,0,2
1069,0,2
1070,0,2
1071,0,2
1077,0,2
1085,0,2
1086,0,2
1089,0,2
1090,0,2
1091,0,2
1092,0,2
1093,0,2
1117,0,2
1125,0,2
1132,0,2
1133,0,2
1141,0,2
1147,0,2
1159,0,2
1161,0,2
1187,0,2
1190,0,2
1204,0,2
1212,0,2
1219,0,2
1238,0,2
1249,0,2
1250,0,2
1274,0,2
1275,0,2
1279,0,2
1280,0,2
1281,0,2
1292,0,2
1310,0,2
1312,0,2
1319,0,2
1327,0,2
1331,0,2
1335,0,2
1355,0,2
1365,0,2
1368,0,2
1376,0,2
1384,0,2
1385,0,2
1389,0,2
1390,0,2
1396,0,2
1403,0,2
1406,0,2
1407,0,2
1411,0,2
1420,0,2
1421,0,2
1422,0,2
1423,0,2
1424,0,2
1426,0,2
1434,0,2
1446,0,2
1468,0,2
1470,0,2
1471,0,2
1473,0,2
1476,0,2
1483,0,2
1499,0,2
1504,0,2
1506,0,2
1509,0,2
1510,0,2
1511,0,2
1517,0,2
1521,0,2
1523,0,2
1524,0,2
1525,0,2
1527,0,2
1528,0,2
1541,0,2
1544,0,2
1556,0,2
1557,0,2
1559,0,2
1562,0,2
1566,0,2
1568,0,2
1571,0,2
1581,0,2
1585,0,2
1595,0,2
1610,0,2
1611,0,2
1615,0,2
1616,0,2
1622,0,2
1623,0,2
1626,0,2
1627,0,2
1628,0,2
1629,0,2
1630,0,2
1632,0,2
1637,0,2
1647,0,2
1648,0,2
1649,0,2
1659,0,2
1663,0,2
1674,0,2
1675,0,2
1680,0,2
1684,0,2
1686,0,2
1687,0,2
1691,0,2
1694,0,2
1696,0,2
1698,0,2
1699,0,2
1701,0,2
1711,0,2
1712,0,2
1718,0,2
1721,0,2
1723,0,2
1727,0,2
1730,0,2
1731,0,2
1732,0,2
1735,0,2
1742,0,2
1745,0,2
1748,0,2
1749,0,2
1752,0,2
1760,0,2
1761,0,2
1766,0,2
1767,0,2
1769,0,2
1772,0,2
1773,0,2
1781,0,2
1783,0,2
1784,0,2
1785,0,2
1786,0,2
1787,0,2
1790,0,2
1796,0,2
1797,0,2
1802,0,2
1809,0,2
1810,0,2
1811,0,2
1816,0,2
1817,0,2
1819,0,2
1823,0,2
1825,0,2
1826,0,2
1840,0,2
1841,0,2
1842,0,2
1854,0,2
1855,0,2
1862,0,2
1864,0,2
1865,0,2
1870,0,2
1871,0,2
1874,0,2
1877,0,2
1881,0,2
1882,0,2
1883,0,2
1885,0,2
1889,0,2
1896,0,2
1900,0,2
1915,0,2
1921,0,2
1922,0,2
1933,0,2
1934,0,2
1936,0,2
1937,0,2
1938,0,2
1939,0,2
1940,0,2
1947,0,2
1950,0,2
1956,0,2
1963,0,2
1965,0,2
1973,0,2
1990,0,2
1997,0,2
2001,0,2
2003,0,2
2027,0,2
2036,0,2
2047,0,2
2069,0,2
2070,0,2
2071,0,2
2072,0,2
2076,0,2
2086,0,2
2091,0,2
2092,0,2
2097,0,2
2100,0,2
2102,0,2
2103,0,2
2104,0,2
2107,0,2
2109,0,2
2115,0,2
2125,0,2
2126,0,2
2132,0,2
2145,0,2
2146,0,2
2147,0,2
2150,0,2
0,0,3
5,0,3
10,0,3
14,0,3
15,0,3
40,0,3
47,0,3
48,0,3
92,0,3
93,0,3
95,0,3
96,0,3
98,0,3
99,0,3
101,0,3
104,0,3
107,0,3
109,0,3
110,0,3
124,0,3
125,0,3
128,0,3
129,0,3
130,0,3
142,0,3
148,0,3
150,0,3
165,0,3
167,0,3
172,0,3
175,0,3
192,0,3
200,0,3
201,0,3
202,0,3
211,0,3
218,0,3
219,0,3
220,0,3
222,0,3
223,0,3
226,0,3
227,0,3
231,0,3
232,0,3
237,0,3
260,0,3
269,0,3
276,0,3
277,0,3
302,0,3
304,0,3
305,0,3
307,0,3
308,0,3
311,0,3
314,0,3
331,0,3
343,0,3
354,0,3
357,0,3
358,0,3
359,0,3
362,0,3
368,0,3
370,0,3
378,0,3
379,0,3
383,0,3
386,0,3
392,0,3
405,0,3
415,0,3
416,0,3
427,0,3
428,0,3
436,0,3
437,0,3
441,0,3
445,0,3
451,0,3
456,0,3
457,0,3
459,0,3
466,0,3
467,0,3
470,0,3
481,0,3
482,0,3
485,0,3
486,0,3
487,0,3
494,0,3
496,0,3
500,0,3
516,0,3
530,0,3
534,0,3
535,0,3
536,0,3
540,0,3
543,0,3
547,0,3
555,0,3
572,0,3
574,0,3
576,0,3
582,0,3
584,0,3
585,0,3
588,0,3
592,0,3
599,0,3
600,0,3
605,0,3
612,0,3
614,0,3
615,0,3
619,0,3
627,0,3
629,0,3
631,0,3
633,0,3
634,0,3
641,0,3
645,0,3
652,0,3
655,0,3
661,0,3
668,0,3
669,0,3
673,0,3
674,0,3
679,0,3
680,0,3
681,0,3
685,0,3
699,0,3
703,0,3
707,0,3
714,0,3
716,0,3
718,0,3
723,0,3
726,0,3
738,0,3
741,0,3
748,0,3
755,0,3
760,0,3
763,0,3
764,0,3
765,0,3
766,0,3
769,0,3
774,0,3
783,0,3
786,0,3
788,0,3
789,0,3
790,0,3
797,0,3
798,0,3
800,0,3
808,0,3
813,0,3
818,0,3
820,0,3
828,0,3
838,0,3
839,0,3
845,0,3
854,0,3
856,0,3
859,0,3
864,0,3
866,0,3
869,0,3
878,0,3
890,0,3
899,0,3
906,0,3
908,0,3
915,0,3
927,0,3
928,0,3
937,0,3
944,0,3
946,0,3
951,0,3
959,0,3
962,0,3
964,0,3
966,0,3
967,0,3
968,0,3
977,0,3
978,0,3
980,0,3
981,0,3
985,0,3
987,0,3
991,0,3
1010,0,3
1011,0,3
1012,0,3
1016,0,3
1020,0,3
1021,0,3
1022,0,3
1024,0,3
1027,0,3
1031,0,3
1042,0,3
1047,0,3
1057,0,3
1058,0,3
1059,0,3
1065,0,3
1066,0,3
1073,0,3
1074,0,3
1080,0,3
1081,0,3
1083,0,3
1096,0,3
1106,0,3
1109,0,3
1113,0,3
1114,0,3
1115,0,3
1116,0,3
1146,0,3
1149,0,3
1153,0,3
1156,0,3
1158,0,3
1162,0,3
1164,0,3
1175,0,3
1179,0,3
1180,0,3
1195,0,3
1200,0,3
1205,0,3
1206,0,3
1207,0,3
1208,0,3
1209,0,3
1210,0,3
1211,0,3
1213,0,3
1227,0,3
1228,0,3
1230,0,3
1231,0,3
1232,0,3
1233,0,3
1235,0,3
1236,0,3
1237,0,3
1254,0,3
1262,0,3
1263,0,3
1265,0,3
1266,0,3
1267,0,3
1268,0,3
1269,0,3
1270,0,3
1283,0,3
1288,0,3
1289,0,3
1295,0,3
1307,0,3
1308,0,3
1309,0,3
1313,0,3
1314,0,3
1315,0,3
1316,0,3
1318,0,3
1328,0,3
1336,0,3
1342,0,3
1344,0,3
1345,0,3
1346,0,3
1349,0,3
1358,0,3
1359,0,3
1369,0,3
1372,0,3
1373,0,3
1374,0,3
1375,0,3
1378,0,3
1379,0,3
1380,0,3
1381,0,3
1386,0,3
1387,0,3
1388,0,3
1397,0,3
1401,0,3
1402,0,3
1404,0,3
1405,0,3
1419,0,3
1425,0,3
1427,0,3
1429,0,3
1430,0,3
1437,0,3
1438,0,3
1443,0,3
1444,0,3
1445,0,3
1451,0,3
1452,0,3
1454,0,3
1456,0,3
1457,0,3
1472,0,3
1475,0,3
1493,0,3
1496,0,3
1501,0,3
1518,0,3
1519,0,3
1522,0,3
1532,0,3
1533,0,3
1535,0,3
1540,0,3
1546,0,3
1547,0,3
1550,0,3
1551,0,3
1552,0,3
1554,0,3
1555,0,3
1560,0,3
1561,0,3
1564,0,3
1565,0,3
1583,0,3
1584,0,3
1586,0,3
1587,0,3
1588,0,3
1591,0,3
1603,0,3
1605,0,3
1606,0,3
1612,0,3
1613,0,3
1635,0,3
1641,0,3
1645,0,3
1653,0,3
1656,0,3
1664,0,3
1669,0,3
1690,0,3
1692,0,3
1695,0,3
1702,0,3
1707,0,3
1714,0,3
1725,0,3
1736,0,3
1739,0,3
1741,0,3
1757,0,3
1762,0,3
1776,0,3
1820,0,3
1844,0,3
1894,0,3
1904,0,3
1905,0,3
1907,0,3
1913,0,3
1914,0,3
1920,0,3
1924,0,3
1931,0,3
1951,0,3
1955,0,3
1964,0,3
1986,0,3
1987,0,3
1988,0,3
1989,0,3
1993,0,3
1995,0,3
1998,0,3
1999,0,3
2010,0,3
2012,0,3
2015,0,3
2023,0,3
2029,0,3
2030,0,3
2033,0,3
2037,0,3
2043,0,3
2051,0,3
2057,0,3
2058,0,3
2061,0,3
2067,0,3
2068,0,3
2073,0,3
2074,0,3
2077,0,3
2080,0,3
2084,0,3
2088,0,3
2095,0,3
2096,0,3
2099,0,3
2101,0,3
2106,0,3
2127,0,3
2144,0,3
2153,0,3
4,0,4
7,0,4
38,0,4
41,0,4
64,0,4
67,0,4
68,0,4
82,0,4
88,0,4
91,0,4
106,0,4
121,0,4
123,0,4
134,0,4
143,0,4
144,0,4
146,0,4
147,0,4
151,0,4
152,0,4
153,0,4
154,0,4
156,0,4
164,0,4
166,0,4
168,0,4
169,0,4
170,0,4
171,0,4
176,0,4
177,0,4
178,0,4
179,0,4
180,0,4
181,0,4
184,0,4
187,0,4
188,0,4
193,0,4
194,0,4
203,0,4
204,0,4
205,0,4
206,0,4
207,0,4
209,0,4
215,0,4
224,0,4
228,0,4
229,0,4
230,0,4
238,0,4
239,0,4
240,0,4
241,0,4
242,0,4
243,0,4
248,0,4
252,0,4
254,0,4
255,0,4
256,0,4
257,0,4
262,0,4
266,0,4
268,0,4
270,0,4
278,0,4
279,0,4
284,0,4
289,0,4
290,0,4
299,0,4
306,0,4
316,0,4
326,0,4
330,0,4
337,0,4
344,0,4
345,0,4
346,0,4
356,0,4
360,0,4
363,0,4
364,0,4
365,0,4
366,0,4
367,0,4
372,0,4
381,0,4
388,0,4
390,0,4
395,0,4
398,0,4
399,0,4
400,0,4
406,0,4
407,0,4
408,0,4
412,0,4
413,0,4
414,0,4
419,0,4
423,0,4
424,0,4
426,0,4
429,0,4
430,0,4
434,0,4
439,0,4
440,0,4
444,0,4
446,0,4
450,0,4
460,0,4
461,0,4
471,0,4
472,0,4
473,0,4
474,0,4
475,0,4
478,0,4
480,0,4
490,0,4
499,0,4
506,0,4
508,0,4
509,0,4
512,0,4
513,0,4
517,0,4
522,0,4
524,0,4
526,0,4
532,0,4
538,0,4
539,0,4
546,0,4
548,0,4
554,0,4
561,0,4
571,0,4
577,0,4
578,0,4
587,0,4
589,0,4
602,0,4
608,0,4
609,0,4
613,0,4
620,0,4
621,0,4
625,0,4
626,0,4
640,0,4
659,0,4
663,0,4
666,0,4
667,0,4
672,0,4
682,0,4
688,0,4
704,0,4
722,0,4
724,0,4
725,0,4
739,0,4
740,0,4
744,0,4
747,0,4
756,0,4
759,0,4
767,0,4
770,0,4
779,0,4
781,0,4
785,0,4
787,0,4
809,0,4
811,0,4
814,0,4
824,0,4
825,0,4
826,0,4
832,0,4
835,0,4
836,0,4
841,0,4
843,0,4
846,0,4
847,0,4
855,0,4
858,0,4
861,0,4
862,0,4
867,0,4
872,0,4
876,0,4
877,0,4
882,0,4
898,0,4
900,0,4
901,0,4
904,0,4
909,0,4
910,0,4
919,0,4
920,0,4
934,0,4
940,0,4
945,0,4
956,0,4
958,0,4
961,0,4
963,0,4
965,0,4
970,0,4
973,0,4
976,0,4
983,0,4
996,0,4
998,0,4
1001,0,4
1013,0,4
1018,0,4
1023,0,4
1028,0,4
1029,0,4
1030,0,4
1046,0,4
1056,0,4
1060,0,4
1062,0,4
1063,0,4
1082,0,4
1099,0,4
1103,0,4
1104,0,4
1105,0,4
1107,0,4
1108,0,4
1110,0,4
1118,0,4
1120,0,4
1121,0,4
1126,0,4
1138,0,4
1148,0,4
1155,0,4
1160,0,4
1163,0,4
1165,0,4
1170,0,4
1172,0,4
1182,0,4
1186,0,4
1188,0,4
1191,0,4
1193,0,4
1194,0,4
1199,0,4
1223,0,4
1225,0,4
1226,0,4
1229,0,4
1239,0,4
1240,0,4
1251,0,4
1252,0,4
1253,0,4
1257,0,4
1258,0,4
1264,0,4
1272,0,4
1273,0,4
1276,0,4
1278,0,4
1284,0,4
1293,0,4
1298,0,4
1329,0,4
1330,0,4
1332,0,4
1341,0,4
1343,0,4
1350,0,4
1360,0,4
1362,0,4
1363,0,4
1364,0,4
1366,0,4
1367,0,4
1392,0,4
1408,0,4
1409,0,4
1441,0,4
1442,0,4
1458,0,4
1459,0,4
1474,0,4
1479,0,4
1482,0,4
1497,0,4
1503,0,4
1507,0,4
1508,0,4
1514,0,4
1545,0,4
1548,0,4
1549,0,4
1563,0,4
1567,0,4
1574,0,4
1577,0,4
1582,0,4
1589,0,4
1590,0,4
1599,0,4
1601,0,4
1602,0,4
1608,0,4
1609,0,4
1621,0,4
1625,0,4
1631,0,4
1633,0,4
1636,0,4
1650,0,4
1651,0,4
1657,0,4
1658,0,4
1662,0,4
1670,0,4
1677,0,4
1682,0,4
1683,0,4
1685,0,4
1700,0,4
1705,0,4
1720,0,4
1733,0,4
1734,0,4
1746,0,4
1747,0,4
1750,0,4
1751,0,4
1753,0,4
1754,0,4
1755,0,4
1759,0,4
1764,0,4
1768,0,4
1779,0,4
1780,0,4
1782,0,4
1792,0,4
1799,0,4
1800,0,4
1803,0,4
1806,0,4
1812,0,4
1813,0,4
1814,0,4
1815,0,4
1822,0,4
1824,0,4
1835,0,4
1849,0,4
1850,0,4
1852,0,4
1853,0,4
1856,0,4
1858,0,4
1866,0,4
1872,0,4
1873,0,4
1878,0,4
1897,0,4
1899,0,4
1901,0,4
1902,0,4
1919,0,4
1923,0,4
1930,0,4
1946,0,4
1960,0,4
1966,0,4
1981,0,4
1983,0,4
1984,0,4
2002,0,4
2007,0,4
2008,0,4
2014,0,4
2016,0,4
2018,0,4
2019,0,4
2020,0,4
2021,0,4
2022,0,4
2034,0,4
2038,0,4
2040,0,4
2050,0,4
2053,0,4
2054,0,4
2055,0,4
2056,0,4
2059,0,4
2063,0,4
2066,0,4
2078,0,4
2081,0,4
2082,0,4
2087,0,4
2090,0,4
2093,0,4
2105,0,4
2108,0,4
2110,0,4
2131,0,4
2134,0,4
2139,0,4
2140,0,4
2142,0,4
2143,0,4
2151,0,4
2155,0,4
3,1,0
7,1,0
12,1,0
17,1,0
22,1,0
34,1,0
38,1,0
40,1,0
41,1,0
42,1,0
43,1,0
44,1,0
45,1,0
66,1,0
69,1,0
70,1,0
81,1,0
83,1,0
84,1,0
85,1,0
86,1,0
87,1,0
88,1,0
91,1,0
94,1,0
95,1,0
96,1,0
106,1,0
115,1,0
117,1,0
119,1,0
120,1,0
123,1,0
131,1,0
145,1,0
149,1,0
157,1,0
166,1,0
168,1,0
169,1,0
170,1,0
171,1,0
174,1,0
183,1,0
187,1,0
188,1,0
191,1,0
213,1,0
215,1,0
217,1,0
225,1,0
233,1,0
234,1,0
235,1,0
244,1,0
250,1,0
265,1,0
266,1,0
274,1,0
276,1,0
277,1,0
280,1,0
288,1,0
294,1,0
296,1,0
298,1,0
303,1,0
306,1,0
326,1,0
327,1,0
329,1,0
334,1,0
335,1,0
338,1,0
339,1,0
341,1,0
347,1,0
348,1,0
356,1,0
360,1,0
361,1,0
369,1,0
371,1,0
373,1,0
375,1,0
376,1,0
377,1,0
380,1,0
388,1,0
389,1,0
390,1,0
394,1,0
396,1,0
397,1,0
401,1,0
402,1,0
403,1,0
404,1,0
422,1,0
437,1,0
438,1,0
442,1,0
455,1,0
460,1,0
468,1,0
471,1,0
476,1,0
485,1,0
491,1,0
492,1,0
493,1,0
494,1,0
500,1,0
505,1,0
512,1,0
520,1,0
523,1,0
528,1,0
529,1,0
533,1,0
536,1,0
540,1,0
562,1,0
568,1,0
570,1,0
571,1,0
572,1,0
575,1,0
588,1,0
592,1,0
595,1,0
601,1,0
605,1,0
606,1,0
612,1,0
615,1,0
617,1,0
622,1,0
623,1,0
632,1,0
635,1,0
646,1,0
648,1,0
655,1,0
660,1,0
661,1,0
664,1,0
666,1,0
670,1,0
681,1,0
687,1,0
688,1,0
689,1,0
694,1,0
698,1,0
700,1,0
704,1,0
705,1,0
708,1,0
714,1,0
726,1,0
727,1,0
733,1,0
740,1,0
743,1,0
760,1,0
764,1,0
765,1,0
767,1,0
774,1,0
780,1,0
781,1,0
782,1,0
786,1,0
787,1,0
791,1,0
792,1,0
798,1,0
799,1,0
810,1,0
812,1,0
813,1,0
815,1,0
816,1,0
832,1,0
839,1,0
841,1,0
844,1,0
852,1,0
858,1,0
868,1,0
872,1,0
874,1,0
875,1,0
882,1,0
890,1,0
892,1,0
893,1,0
894,1,0
895,1,0
896,1,0
897,1,0
902,1,0
905,1,0
910,1,0
920,1,0
930,1,0
940,1,0
942,1,0
954,1,0
964,1,0
969,1,0
976,1,0
988,1,0
1001,1,0
1004,1,0
1005,1,0
1006,1,0
1007,1,0
1013,1,0
1015,1,0
1018,1,0
1019,1,0
1026,1,0
1028,1,0
1029,1,0
1030,1,0
1031,1,0
1034,1,0
1038,1,0
1042,1,0
1043,1,0
1046,1,0
1061,1,0
1062,1,0
1063,1,0
1064,1,0
1065,1,0
1066,1,0
1069,1,0
1070,1,0
1071,1,0
1077,1,0
1081,1,0
1083,1,0
1086,1,0
1096,1,0
1099,1,0
1100,1,0
1101,1,0
1103,1,0
1148,1,0
1151,1,0
1161,1,0
1164,1,0
1173,1,0
1178,1,0
1180,1,0
1188,1,0
1195,1,0
1199,1,0
1212,1,0
1217,1,0
1225,1,0
1227,1,0
1228,1,0
1229,1,0
1234,1,0
1239,1,0
1240,1,0
1250,1,0
1260,1,0
1262,1,0
1272,1,0
1274,1,0
1277,1,0
1282,1,0
1286,1,0
1295,1,0
1297,1,0
1299,1,0
1301,1,0
1310,1,0
1319,1,0
1332,1,0
1339,1,0
1342,1,0
1356,1,0
1357,1,0
1361,1,0
1381,1,0
1384,1,0
1392,1,0
1398,1,0
1399,1,0
1403,1,0
1419,1,0
1422,1,0
1443,1,0
1447,1,0
1460,1,0
1461,1,0
1483,1,0
1509,1,0
1513,1,0
1516,1,0
1522,1,0
1525,1,0
1530,1,0
1539,1,0
1542,1,0
1548,1,0
1549,1,0
1550,1,0
1554,1,0
1555,1,0
1572,1,0
1573,1,0
1574,1,0
1575,1,0
1584,1,0
1597,1,0
1600,1,0
1606,1,0
1618,1,0
1619,1,0
1620,1,0
1625,1,0
1634,1,0
1653,1,0
1656,1,0
1659,1,0
1661,1,0
1666,1,0
1672,1,0
1689,1,0
1690,1,0
1692,1,0
1702,1,0
1703,1,0
1704,1,0
1705,1,0
1707,1,0
1722,1,0
1725,1,0
1726,1,0
1736,1,0
1738,1,0
1739,1,0
1741,1,0
1751,1,0
1781,1,0
1791,1,0
1799,1,0
1801,1,0
1804,1,0
1805,1,0
1807,1,0
1809,1,0
1811,1,0
1814,1,0
1818,1,0
1829,1,0
1831,1,0
1832,1,0
1833,1,0
1845,1,0
1846,1,0
1847,1,0
1861,1,0
1862,1,0
1867,1,0
1868,1,0
1869,1,0
1875,1,0
1884,1,0
1886,1,0
1889,1,0
1890,1,0
1891,1,0
1892,1,0
1893,1,0
1907,1,0
1910,1,0
1914,1,0
1920,1,0
1925,1,0
1926,1,0
1931,1,0
1935,1,0
1942,1,0
1943,1,0
1944,1,0
1948,1,0
1949,1,0
1951,1,0
1963,1,0
1966,1,0
1974,1,0
1985,1,0
1991,1,0
1992,1,0
1994,1,0
1997,1,0
1998,1,0
2007,1,0
2008,1,0
2010,1,0
2013,1,0
2022,1,0
2030,1,0
2032,1,0
2037,1,0
2043,1,0
2047,1,0
2069,1,0
2097,1,0
2100,1,0
2102,1,0
2103,1,0
2104,1,0
2117,1,0
2125,1,0
2127,1,0
2132,1,0
2135,1,0
2137,1,0
0,1,1
2,1,1
19,1,1
20,1,1
21,1,1
23,1,1
24,1,1
25,1,1
30,1,1
31,1,1
32,1,1
35,1,1
36,1,1
50,1,1
75,1,1
77,1,1
78,1,1
79,1,1
80,1,1
89,1,1
90,1,1
92,1,1
93,1,1
98,1,1
99,1,1
100,1,1
101,1,1
102,1,1
103,1,1
104,1,1
105,1,1
107,1,1
108,1,1
111,1,1
112,1,1
113,1,1
121,1,1
124,1,1
135,1,1
136,1,1
137,1,1
138,1,1
139,1,1
140,1,1
141,1,1
148,1,1
155,1,1
159,1,1
162,1,1
163,1,1
173,1,1
185,1,1
189,1,1
192,1,1
194,1,1
195,1,1
199,1,1
216,1,1
218,1,1
226,1,1
227,1,1
236,1,1
237,1,1
243,1,1
249,1,1
259,1,1
264,1,1
267,1,1
275,1,1
285,1,1
289,1,1
290,1,1
304,1,1
305,1,1
313,1,1
322,1,1
323,1,1
328,1,1
331,1,1
332,1,1
343,1,1
344,1,1
345,1,1
346,1,1
349,1,1
350,1,1
352,1,1
353,1,1
355,1,1
363,1,1
364,1,1
365,1,1
366,1,1
367,1,1
370,1,1
374,1,1
378,1,1
379,1,1
383,1,1
385,1,1
391,1,1
392,1,1
393,1,1
407,1,1
408,1,1
418,1,1
419,1,1
429,1,1
432,1,1
436,1,1
445,1,1
452,1,1
453,1,1
464,1,1
465,1,1
481,1,1
484,1,1
496,1,1
502,1,1
503,1,1
504,1,1
510,1,1
511,1,1
516,1,1
522,1,1
543,1,1
547,1,1
551,1,1
552,1,1
553,1,1
555,1,1
557,1,1
558,1,1
564,1,1
573,1,1
574,1,1
579,1,1
580,1,1
581,1,1
584,1,1
589,1,1
591,1,1
594,1,1
596,1,1
598,1,1
600,1,1
607,1,1
610,1,1
624,1,1
627,1,1
634,1,1
637,1,1
656,1,1
657,1,1
658,1,1
662,1,1
663,1,1
669,1,1
677,1,1
683,1,1
684,1,1
686,1,1
691,1,1
702,1,1
706,1,1
707,1,1
711,1,1
712,1,1
728,1,1
729,1,1
730,1,1
731,1,1
732,1,1
738,1,1
761,1,1
769,1,1
771,1,1
772,1,1
777,1,1
778,1,1
784,1,1
811,1,1
814,1,1
817,1,1
820,1,1
822,1,1
830,1,1
833,1,1
834,1,1
835,1,1
837,1,1
842,1,1
845,1,1
850,1,1
853,1,1
855,1,1
856,1,1
867,1,1
873,1,1
876,1,1
877,1,1
879,1,1
880,1,1
881,1,1
884,1,1
885,1,1
886,1,1
891,1,1
898,1,1
904,1,1
906,1,1
933,1,1
935,1,1
936,1,1
939,1,1
941,1,1
944,1,1
953,1,1
959,1,1
962,1,1
963,1,1
966,1,1
971,1,1
972,1,1
979,1,1
986,1,1
993,1,1
994,1,1
1003,1,1
1008,1,1
1009,1,1
1016,1,1
1024,1,1
1040,1,1
1045,1,1
1050,1,1
1051,1,1
1054,1,1
1056,1,1
1074,1,1
1076,1,1
1082,1,1
1102,1,1
1107,1,1
1112,1,1
1119,1,1
1137,1,1
1138,1,1
1142,1,1
1143,1,1
1144,1,1
1158,1,1
1170,1,1
1171,1,1
1181,1,1
1184,1,1
1191,1,1
1196,1,1
1197,1,1
1203,1,1
1214,1,1
1216,1,1
1224,1,1
1241,1,1
1243,1,1
1251,1,1
1254,1,1
1255,1,1
1259,1,1
1261,1,1
1280,1,1
1281,1,1
1285,1,1
1287,1,1
1290,1,1
1291,1,1
1303,1,1
1305,1,1
1312,1,1
1323,1,1
1324,1,1
1325,1,1
1326,1,1
1331,1,1
1336,1,1
1340,1,1
1343,1,1
1347,1,1
1350,1,1
1352,1,1
1353,1,1
1354,1,1
1370,1,1
1391,1,1
1395,1,1
1412,1,1
1418,1,1
1424,1,1
1428,1,1
1433,1,1
1435,1,1
1439,1,1
1441,1,1
1442,1,1
1448,1,1
1449,1,1
1450,1,1
1462,1,1
1489,1,1
1491,1,1
1492,1,1
1494,1,1
1495,1,1
1498,1,1
1506,1,1
1511,1,1
1523,1,1
1524,1,1
1527,1,1
1531,1,1
1536,1,1
1537,1,1
1545,1,1
1547,1,1
1558,1,1
1563,1,1
1569,1,1
1582,1,1
1589,1,1
1590,1,1
1594,1,1
1595,1,1
1596,1,1
1599,1,1
1601,1,1
1602,1,1
1607,1,1
1614,1,1
1621,1,1
1622,1,1
1623,1,1
1638,1,1
1644,1,1
1650,1,1
1651,1,1
1655,1,1
1667,1,1
1668,1,1
1670,1,1
1682,1,1
1683,1,1
1688,1,1
1691,1,1
1693,1,1
1709,1,1
1710,1,1
1711,1,1
1712,1,1
1717,1,1
1719,1,1
1727,1,1
1733,1,1
1734,1,1
1737,1,1
1742,1,1
1746,1,1
1748,1,1
1749,1,1
1750,1,1
1764,1,1
1765,1,1
1769,1,1
1774,1,1
1779,1,1
1780,1,1
1785,1,1
1786,1,1
1787,1,1
1790,1,1
1792,1,1
1802,1,1
1815,1,1
1817,1,1
1827,1,1
1850,1,1
1851,1,1
1853,1,1
1863,1,1
1865,1,1
1872,1,1
1873,1,1
1879,1,1
1897,1,1
1901,1,1
1903,1,1
1908,1,1
1909,1,1
1929,1,1
1930,1,1
1952,1,1
1953,1,1
1959,1,1
1965,1,1
1968,1,1
1972,1,1
1973,1,1
1982,1,1
2011,1,1
2017,1,1
2028,1,1
2034,1,1
2035,1,1
2036,1,1
2041,1,1
2042,1,1
2061,1,1
2064,1,1
2072,1,1
2078,1,1
2084,1,1
2087,1,1
2109,1,1
2118,1,1
2123,1,1
2138,1,1
2146,1,1
1,1,2
5,1,2
6,1,2
9,1,2
16,1,2
27,1,2
28,1,2
29,1,2
33,1,2
37,1,2
51,1,2
54,1,2
56,1,2
57,1,2
58,1,2
59,1,2
62,1,2
63,1,2
65,1,2
67,1,2
68,1,2
74,1,2
82,1,2
114,1,2
118,1,2
125,1,2
126,1,2
160,1,2
164,1,2
167,1,2
172,1,2
180,1,2
181,1,2
186,1,2
190,1,2
196,1,2
197,1,2
198,1,2
200,1,2
201,1,2
202,1,2
212,1,2
220,1,2
221,1,2
223,1,2
251,1,2
255,1,2
256,1,2
260,1,2
263,1,2
268,1,2
278,1,2
279,1,2
283,1,2
284,1,2
286,1,2
295,1,2
307,1,2
312,1,2
314,1,2
316,1,2
318,1,2
324,1,2
333,1,2
337,1,2
351,1,2
359,1,2
362,1,2
381,1,2
398,1,2
399,1,2
400,1,2
412,1,2
427,1,2
428,1,2
434,1,2
439,1,2
440,1,2
441,1,2
447,1,2
451,1,2
454,1,2
456,1,2
457,1,2
458,1,2
459,1,2
461,1,2
472,1,2
479,1,2
486,1,2
487,1,2
495,1,2
506,1,2
507,1,2
527,1,2
532,1,2
534,1,2
535,1,2
545,1,2
560,1,2
565,1,2
566,1,2
583,1,2
586,1,2
603,1,2
616,1,2
618,1,2
629,1,2
630,1,2
631,1,2
649,1,2
651,1,2
653,1,2
659,1,2
668,1,2
671,1,2
679,1,2
680,1,2
690,1,2
692,1,2
693,1,2
701,1,2
703,1,2
715,1,2
723,1,2
734,1,2
741,1,2
742,1,2
744,1,2
757,1,2
758,1,2
766,1,2
768,1,2
783,1,2
785,1,2
788,1,2
789,1,2
790,1,2
801,1,2
802,1,2
803,1,2
818,1,2
824,1,2
825,1,2
826,1,2
829,1,2
831,1,2
838,1,2
843,1,2
848,1,2
849,1,2
857,1,2
860,1,2
863,1,2
864,1,2
866,1,2
869,1,2
871,1,2
888,1,2
909,1,2
913,1,2
917,1,2
927,1,2
928,1,2
929,1,2
931,1,2
946,1,2
960,1,2
967,1,2
968,1,2
973,1,2
980,1,2
981,1,2
983,1,2
995,1,2
997,1,2
1010,1,2
1011,1,2
1012,1,2
1014,1,2
1017,1,2
1020,1,2
1021,1,2
1025,1,2
1033,1,2
1047,1,2
1053,1,2
1058,1,2
1059,1,2
1085,1,2
1108,1,2
1109,1,2
1111,1,2
1114,1,2
1115,1,2
1118,1,2
1120,1,2
1121,1,2
1126,1,2
1140,1,2
1141,1,2
1146,1,2
1149,1,2
1150,1,2
1154,1,2
1155,1,2
1157,1,2
1160,1,2
1162,1,2
1163,1,2
1175,1,2
1183,1,2
1192,1,2
1204,1,2
1205,1,2
1206,1,2
1207,1,2
1208,1,2
1209,1,2
1210,1,2
1211,1,2
1213,1,2
1215,1,2
1222,1,2
1226,1,2
1230,1,2
1231,1,2
1232,1,2
1233,1,2
1235,1,2
1236,1,2
1256,1,2
1263,1,2
1264,1,2
1265,1,2
1266,1,2
1267,1,2
1268,1,2
1269,1,2
1270,1,2
1288,1,2
1289,1,2
1296,1,2
1298,1,2
1304,1,2
1306,1,2
1307,1,2
1308,1,2
1309,1,2
1313,1,2
1314,1,2
1315,1,2
1318,1,2
1344,1,2
1345,1,2
1346,1,2
1349,1,2
1355,1,2
1358,1,2
1359,1,2
1360,1,2
1362,1,2
1368,1,2
1369,1,2
1371,1,2
1372,1,2
1373,1,2
1374,1,2
1375,1,2
1376,1,2
1378,1,2
1379,1,2
1383,1,2
1385,1,2
1386,1,2
1387,1,2
1388,1,2
1397,1,2
1401,1,2
1402,1,2
1404,1,2
1405,1,2
1408,1,2
1426,1,2
1427,1,2
1429,1,2
1430,1,2
1431,1,2
1437,1,2
1438,1,2
1444,1,2
1445,1,2
1451,1,2
1452,1,2
1454,1,2
1455,1,2
1456,1,2
1457,1,2
1465,1,2
1466,1,2
1467,1,2
1469,1,2
1471,1,2
1475,1,2
1482,1,2
1484,1,2
1485,1,2
1486,1,2
1487,1,2
1488,1,2
1493,1,2
1497,1,2
1505,1,2
1517,1,2
1518,1,2
1519,1,2
1532,1,2
1533,1,2
1535,1,2
1541,1,2
1543,1,2
1544,1,2
1551,1,2
1552,1,2
1556,1,2
1559,1,2
1560,1,2
1562,1,2
1564,1,2
1565,1,2
1567,1,2
1577,1,2
1581,1,2
1583,1,2
1586,1,2
1591,1,2
1592,1,2
1598,1,2
1603,1,2
1605,1,2
1611,1,2
1613,1,2
1626,1,2
1627,1,2
1628,1,2
1629,1,2
1630,1,2
1632,1,2
1645,1,2
1647,1,2
1648,1,2
1649,1,2
1658,1,2
1662,1,2
1663,1,2
1664,1,2
1673,1,2
1674,1,2
1675,1,2
1676,1,2
1678,1,2
1687,1,2
1694,1,2
1698,1,2
1699,1,2
1700,1,2
1701,1,2
1716,1,2
1723,1,2
1730,1,2
1731,1,2
1732,1,2
1735,1,2
1744,1,2
1757,1,2
1759,1,2
1760,1,2
1761,1,2
1762,1,2
1763,1,2
1766,1,2
1773,1,2
1782,1,2
1784,1,2
1789,1,2
1810,1,2
1813,1,2
1816,1,2
1819,1,2
1821,1,2
1823,1,2
1825,1,2
1826,1,2
1828,1,2
1830,1,2
1834,1,2
1835,1,2
1839,1,2
1840,1,2
1841,1,2
1848,1,2
1849,1,2
1854,1,2
1855,1,2
1866,1,2
1870,1,2
1871,1,2
1874,1,2
1881,1,2
1895,1,2
1898,1,2
1900,1,2
1904,1,2
1905,1,2
1906,1,2
1916,1,2
1917,1,2
1918,1,2
1928,1,2
1932,1,2
1947,1,2
1950,1,2
1955,1,2
1956,1,2
1960,1,2
1983,1,2
1989,1,2
1999,1,2
2003,1,2
2012,1,2
2029,1,2
2044,1,2
2057,1,2
2058,1,2
2067,1,2
2068,1,2
2073,1,2
2074,1,2
2086,1,2
2088,1,2
2091,1,2
2092,1,2
2093,1,2
2095,1,2
2099,1,2
2107,1,2
2108,1,2
2139,1,2
2140,1,2
2145,1,2
2151,1,2
8,1,3
10,1,3
11,1,3
13,1,3
14,1,3
15,1,3
18,1,3
26,1,3
39,1,3
46,1,3
47,1,3
48,1,3
49,1,3
55,1,3
60,1,3
76,1,3
97,1,3
109,1,3
116,1,3
127,1,3
128,1,3
129,1,3
130,1,3
132,1,3
133,1,3
134,1,3
146,1,3
147,1,3
150,1,3
152,1,3
153,1,3
154,1,3
161,1,3
177,1,3
178,1,3
179,1,3
182,1,3
203,1,3
204,1,3
205,1,3
206,1,3
207,1,3
209,1,3
219,1,3
222,1,3
231,1,3
232,1,3
238,1,3
239,1,3
240,1,3
241,1,3
242,1,3
247,1,3
252,1,3
254,1,3
257,1,3
258,1,3
261,1,3
273,1,3
281,1,3
291,1,3
292,1,3
299,1,3
300,1,3
301,1,3
302,1,3
317,1,3
319,1,3
320,1,3
325,1,3
354,1,3
357,1,3
358,1,3
368,1,3
382,1,3
384,1,3
386,1,3
395,1,3
405,1,3
406,1,3
410,1,3
411,1,3
413,1,3
414,1,3
420,1,3
421,1,3
423,1,3
424,1,3
425,1,3
430,1,3
431,1,3
433,1,3
435,1,3
446,1,3
448,1,3
462,1,3
463,1,3
466,1,3
467,1,3
469,1,3
473,1,3
474,1,3
480,1,3
482,1,3
497,1,3
498,1,3
499,1,3
508,1,3
517,1,3
518,1,3
521,1,3
524,1,3
531,1,3
537,1,3
541,1,3
542,1,3
544,1,3
546,1,3
549,1,3
550,1,3
554,1,3
559,1,3
569,1,3
576,1,3
577,1,3
582,1,3
587,1,3
593,1,3
597,1,3
599,1,3
609,1,3
611,1,3
619,1,3
620,1,3
625,1,3
626,1,3
628,1,3
633,1,3
636,1,3
638,1,3
640,1,3
641,1,3
642,1,3
643,1,3
645,1,3
647,1,3
673,1,3
674,1,3
676,1,3
685,1,3
709,1,3
716,1,3
717,1,3
719,1,3
720,1,3
722,1,3
724,1,3
750,1,3
751,1,3
752,1,3
753,1,3
775,1,3
800,1,3
804,1,3
821,1,3
828,1,3
846,1,3
847,1,3
851,1,3
854,1,3
859,1,3
862,1,3
865,1,3
870,1,3
878,1,3
899,1,3
900,1,3
901,1,3
908,1,3
911,1,3
914,1,3
915,1,3
916,1,3
922,1,3
923,1,3
924,1,3
925,1,3
932,1,3
934,1,3
945,1,3
951,1,3
952,1,3
958,1,3
961,1,3
965,1,3
970,1,3
977,1,3
978,1,3
982,1,3
985,1,3
989,1,3
991,1,3
996,1,3
998,1,3
999,1,3
1000,1,3
1002,1,3
1022,1,3
1037,1,3
1039,1,3
1041,1,3
1044,1,3
1049,1,3
1052,1,3
1057,1,3
1060,1,3
1072,1,3
1073,1,3
1075,1,3
1080,1,3
1084,1,3
1097,1,3
1113,1,3
1117,1,3
1125,1,3
1147,1,3
1159,1,3
1179,1,3
1182,1,3
1185,1,3
1186,1,3
1187,1,3
1189,1,3
1190,1,3
1193,1,3
1202,1,3
1219,1,3
1220,1,3
1221,1,3
1223,1,3
1242,1,3
1244,1,3
1249,1,3
1252,1,3
1253,1,3
1257,1,3
1258,1,3
1275,1,3
1278,1,3
1279,1,3
1283,1,3
1284,1,3
1292,1,3
1293,1,3
1300,1,3
1302,1,3
1316,1,3
1320,1,3
1321,1,3
1322,1,3
1327,1,3
1329,1,3
1330,1,3
1335,1,3
1338,1,3
1348,1,3
1363,1,3
1364,1,3
1365,1,3
1366,1,3
1367,1,3
1377,1,3
1380,1,3
1413,1,3
1425,1,3
1436,1,3
1440,1,3
1446,1,3
1458,1,3
1459,1,3
1468,1,3
1472,1,3
1473,1,3
1474,1,3
1479,1,3
1499,1,3
1501,1,3
1502,1,3
1503,1,3
1507,1,3
1508,1,3
1510,1,3
1512,1,3
1515,1,3
1529,1,3
1540,1,3
1546,1,3
1571,1,3
1576,1,3
1578,1,3
1585,1,3
1593,1,3
1608,1,3
1612,1,3
1624,1,3
1631,1,3
1636,1,3
1640,1,3
1641,1,3
1643,1,3
1646,1,3
1665,1,3
1669,1,3
1686,1,3
1695,1,3
1708,1,3
1714,1,3
1720,1,3
1728,1,3
1729,1,3
1740,1,3
1743,1,3
1747,1,3
1753,1,3
1754,1,3
1755,1,3
1758,1,3
1768,1,3
1770,1,3
1771,1,3
1775,1,3
1776,1,3
1788,1,3
1800,1,3
1803,1,3
1806,1,3
1812,1,3
1820,1,3
1822,1,3
1824,1,3
1837,1,3
1838,1,3
1842,1,3
1843,1,3
1852,1,3
1856,1,3
1858,1,3
1859,1,3
1864,1,3
1876,1,3
1878,1,3
1882,1,3
1883,1,3
1885,1,3
1887,1,3
1896,1,3
1899,1,3
1902,1,3
1911,1,3
1913,1,3
1915,1,3
1919,1,3
1921,1,3
1923,1,3
1927,1,3
1933,1,3
1934,1,3
1939,1,3
1941,1,3
1945,1,3
1946,1,3
1954,1,3
1961,1,3
1964,1,3
1981,1,3
1987,1,3
1990,1,3
2000,1,3
2002,1,3
2004,1,3
2014,1,3
2015,1,3
2016,1,3
2018,1,3
2019,1,3
2020,1,3
2021,1,3
2023,1,3
2033,1,3
2038,1,3
2039,1,3
2040,1,3
2048,1,3
2050,1,3
2053,1,3
2054,1,3
2055,1,3
2059,1,3
2060,1,3
2062,1,3
2063,1,3
2066,1,3
2070,1,3
2076,1,3
2079,1,3
2081,1,3
2082,1,3
2085,1,3
2089,1,3
2090,1,3
2101,1,3
2105,1,3
2115,1,3
2116,1,3
2126,1,3
2130,1,3
2131,1,3
2133,1,3
2134,1,3
2141,1,3
2142,1,3
2143,1,3
2149,1,3
2150,1,3
2152,1,3
2155,1,3
4,1,4
52,1,4
53,1,4
61,1,4
64,1,4
71,1,4
72,1,4
73,1,4
110,1,4
122,1,4
142,1,4
143,1,4
144,1,4
151,1,4
156,1,4
158,1,4
165,1,4
175,1,4
176,1,4
184,1,4
193,1,4
208,1,4
210,1,4
211,1,4
214,1,4
224,1,4
228,1,4
229,1,4
230,1,4
245,1,4
246,1,4
248,1,4
253,1,4
262,1,4
269,1,4
270,1,4
271,1,4
272,1,4
282,1,4
287,1,4
293,1,4
297,1,4
308,1,4
309,1,4
310,1,4
311,1,4
315,1,4
321,1,4
330,1,4
336,1,4
340,1,4
342,1,4
372,1,4
387,1,4
409,1,4
415,1,4
416,1,4
417,1,4
426,1,4
443,1,4
444,1,4
449,1,4
450,1,4
470,1,4
475,1,4
477,1,4
478,1,4
483,1,4
488,1,4
489,1,4
490,1,4
501,1,4
509,1,4
513,1,4
514,1,4
515,1,4
519,1,4
525,1,4
526,1,4
530,1,4
538,1,4
539,1,4
548,1,4
556,1,4
561,1,4
563,1,4
567,1,4
578,1,4
585,1,4
590,1,4
602,1,4
604,1,4
608,1,4
613,1,4
614,1,4
621,1,4
639,1,4
644,1,4
650,1,4
652,1,4
654,1,4
665,1,4
667,1,4
672,1,4
675,1,4
678,1,4
682,1,4
695,1,4
696,1,4
697,1,4
699,1,4
710,1,4
713,1,4
718,1,4
721,1,4
725,1,4
735,1,4
736,1,4
737,1,4
739,1,4
745,1,4
746,1,4
747,1,4
748,1,4
749,1,4
754,1,4
755,1,4
756,1,4
759,1,4
762,1,4
763,1,4
770,1,4
773,1,4
776,1,4
779,1,4
793,1,4
794,1,4
795,1,4
796,1,4
797,1,4
805,1,4
806,1,4
807,1,4
808,1,4
809,1,4
819,1,4
823,1,4
827,1,4
836,1,4
840,1,4
861,1,4
883,1,4
887,1,4
889,1,4
903,1,4
907,1,4
912,1,4
918,1,4
919,1,4
921,1,4
926,1,4
937,1,4
938,1,4
943,1,4
947,1,4
948,1,4
949,1,4
950,1,4
955,1,4
956,1,4
957,1,4
974,1,4
975,1,4
984,1,4
987,1,4
990,1,4
992,1,4
1023,1,4
1027,1,4
1032,1,4
1035,1,4
1036,1,4
1048,1,4
1055,1,4
1067,1,4
1068,1,4
1078,1,4
1079,1,4
1087,1,4
1088,1,4
1089,1,4
1090,1,4
1091,1,4
1092,1,4
1093,1,4
1094,1,4
1095,1,4
1098,1,4
1104,1,4
1105,1,4
1106,1,4
1110,1,4
1116,1,4
1122,1,4
1123,1,4
1124,1,4
1127,1,4
1128,1,4
1129,1,4
1130,1,4
1131,1,4
1132,1,4
1133,1,4
1134,1,4
1135,1,4
1136,1,4
1139,1,4
1145,1,4
1152,1,4
1153,1,4
1156,1,4
1165,1,4
1166,1,4
1167,1,4
1168,1,4
1169,1,4
1172,1,4
1174,1,4
1176,1,4
1177,1,4
1194,1,4
1198,1,4
1200,1,4
1201,1,4
1218,1,4
1237,1,4
1238,1,4
1245,1,4
1246,1,4
1247,1,4
1248,1,4
1271,1,4
1273,1,4
1276,1,4
1294,1,4
1311,1,4
1317,1,4
1328,1,4
1333,1,4
1334,1,4
1337,1,4
1341,1,4
1351,1,4
1382,1,4
1389,1,4
1390,1,4
1393,1,4
1394,1,4
1396,1,4
1400,1,4
1406,1,4
1407,1,4
1409,1,4
1410,1,4
1411,1,4
1414,1,4
1415,1,4
1416,1,4
1417,1,4
1420,1,4
1421,1,4
1423,1,4
1432,1,4
1434,1,4
1453,1,4
1463,1,4
1464,1,4
1470,1,4
1476,1,4
1477,1,4
1478,1,4
1480,1,4
1481,1,4
1490,1,4
1496,1,4
1500,1,4
1504,1,4
1514,1,4
1520,1,4
1521,1,4
1526,1,4
1528,1,4
1534,1,4
1538,1,4
1553,1,4
1557,1,4
1561,1,4
1566,1,4
1568,1,4
1570,1,4
1579,1,4
1580,1,4
1587,1,4
1588,1,4
1604,1,4
1609,1,4
1610,1,4
1615,1,4
1616,1,4
1617,1,4
1633,1,4
1635,1,4
1637,1,4
1639,1,4
1642,1,4
1652,1,4
1654,1,4
1657,1,4
1660,1,4
1671,1,4
1677,1,4
1679,1,4
1680,1,4
1681,1,4
1684,1,4
1685,1,4
1696,1,4
1697,1,4
1706,1,4
1713,1,4
1715,1,4
1718,1,4
1721,1,4
1724,1,4
1745,1,4
1752,1,4
1756,1,4
1767,1,4
1772,1,4
1777,1,4
1778,1,4
1783,1,4
1793,1,4
1794,1,4
1795,1,4
1796,1,4
1797,1,4
1798,1,4
1808,1,4
1836,1,4
1844,1,4
1857,1,4
1860,1,4
1877,1,4
1880,1,4
1888,1,4
1894,1,4
1912,1,4
1922,1,4
1924,1,4
1936,1,4
1937,1,4
1938,1,4
1940,1,4
1957,1,4
1958,1,4
1962,1,4
1967,1,4
1969,1,4
1970,1,4
1971,1,4
1975,1,4
1976,1,4
1977,1,4
1978,1,4
1979,1,4
1980,1,4
1984,1,4
1986,1,4
1988,1,4
1993,1,4
1995,1,4
1996,1,4
2001,1,4
2005,1,4
2006,1,4
2009,1,4
2024,1,4
2025,1,4
2026,1,4
2027,1,4
2031,1,4
2045,1,4
2046,1,4
2049,1,4
2051,1,4
2052,1,4
2056,1,4
2065,1,4
2071,1,4
2075,1,4
2077,1,4
2080,1,4
2083,1,4
2094,1,4
2096,1,4
2098,1,4
2106,1,4
2110,1,4
2111,1,4
2112,1,4
2113,1,4
2114,1,4
2119,1,4
2120,1,4
2121,1,4
2122,1,4
2124,1,4
2128,1,4
2129,1,4
2136,1,4
2144,1,4
2147,1,4
2148,1,4
2153,1,4
2154,1,4
4,2,0
9,2,0
26,2,0
27,2,0
28,2,0
29,2,0
36,2,0
43,2,0
44,2,0
45,2,0
51,2,0
54,2,0
56,2,0
57,2,0
58,2,0
59,2,0
64,2,0
65,2,0
66,2,0
70,2,0
72,2,0
74,2,0
81,2,0
83,2,0
84,2,0
85,2,0
86,2,0
92,2,0
93,2,0
97,2,0
107,2,0
117,2,0
118,2,0
119,2,0
120,2,0
123,2,0
127,2,0
142,2,0
160,2,0
162,2,0
164,2,0
175,2,0
184,2,0
186,2,0
196,2,0
197,2,0
198,2,0
200,2,0
201,2,0
202,2,0
213,2,0
219,2,0
220,2,0
222,2,0
223,2,0
225,2,0
226,2,0
227,2,0
235,2,0
237,2,0
243,2,0
245,2,0
246,2,0
247,2,0
260,2,0
261,2,0
263,2,0
267,2,0
268,2,0
270,2,0
289,2,0
290,2,0
291,2,0
292,2,0
300,2,0
301,2,0
303,2,0
308,2,0
309,2,0
318,2,0
325,2,0
332,2,0
334,2,0
335,2,0
336,2,0
339,2,0
343,2,0
347,2,0
348,2,0
351,2,0
355,2,0
359,2,0
370,2,0
371,2,0
373,2,0
376,2,0
378,2,0
381,2,0
383,2,0
390,2,0
393,2,0
396,2,0
402,2,0
403,2,0
406,2,0
409,2,0
412,2,0
415,2,0
416,2,0
422,2,0
425,2,0
430,2,0
432,2,0
434,2,0
438,2,0
444,2,0
447,2,0
448,2,0
456,2,0
459,2,0
475,2,0
476,2,0
483,2,0
491,2,0
492,2,0
493,2,0
506,2,0
509,2,0
512,2,0
515,2,0
516,2,0
525,2,0
529,2,0
532,2,0
533,2,0
537,2,0
542,2,0
543,2,0
549,2,0
550,2,0
556,2,0
565,2,0
566,2,0
567,2,0
568,2,0
575,2,0
576,2,0
589,2,0
597,2,0
606,2,0
614,2,0
617,2,0
619,2,0
638,2,0
639,2,0
650,2,0
656,2,0
657,2,0
662,2,0
668,2,0
672,2,0
680,2,0
683,2,0
697,2,0
698,2,0
702,2,0
703,2,0
705,2,0
707,2,0
710,2,0
712,2,0
720,2,0
723,2,0
733,2,0
738,2,0
744,2,0
749,2,0
753,2,0
760,2,0
761,2,0
766,2,0
768,2,0
776,2,0
783,2,0
785,2,0
801,2,0
804,2,0
806,2,0
807,2,0
811,2,0
814,2,0
818,2,0
824,2,0
825,2,0
826,2,0
828,2,0
832,2,0
835,2,0
840,2,0
856,2,0
865,2,0
871,2,0
876,2,0
877,2,0
882,2,0
883,2,0
902,2,0
903,2,0
905,2,0
908,2,0
910,2,0
912,2,0
916,2,0
926,2,0
930,2,0
937,2,0
938,2,0
948,2,0
951,2,0
952,2,0
953,2,0
973,2,0
974,2,0
975,2,0
994,2,0
1002,2,0
1005,2,0
1006,2,0
1007,2,0
1010,2,0
1011,2,0
1012,2,0
1018,2,0
1028,2,0
1029,2,0
1030,2,0
1033,2,0
1037,2,0
1039,2,0
1054,2,0
1057,2,0
1058,2,0
1059,2,0
1068,2,0
1070,2,0
1071,2,0
1077,2,0
1086,2,0
1109,2,0
1120,2,0
1146,2,0
1149,2,0
1160,2,0
1161,2,0
1165,2,0
1166,2,0
1167,2,0
1168,2,0
1169,2,0
1171,2,0
1176,2,0
1177,2,0
1181,2,0
1185,2,0
1187,2,0
1190,2,0
1194,2,0
1195,2,0
1198,2,0
1201,2,0
1215,2,0
1218,2,0
1220,2,0
1221,2,0
1225,2,0
1230,2,0
1242,2,0
1244,2,0
1246,2,0
1247,2,0
1248,2,0
1249,2,0
1251,2,0
1257,2,0
1258,2,0
1277,2,0
1279,2,0
1282,2,0
1286,2,0
1297,2,0
1312,2,0
1319,2,0
1327,2,0
1333,2,0
1334,2,0
1335,2,0
1336,2,0
1343,2,0
1361,2,0
1363,2,0
1365,2,0
1392,2,0
1399,2,0
1414,2,0
1415,2,0
1423,2,0
1424,2,0
1426,2,0
1433,2,0
1436,2,0
1440,2,0
1442,2,0
1459,2,0
1471,2,0
1477,2,0
1478,2,0
1480,2,0
1481,2,0
1490,2,0
1497,2,0
1505,2,0
1506,2,0
1511,2,0
1516,2,0
1522,2,0
1529,2,0
1534,2,0
1547,2,0
1548,2,0
1549,2,0
1550,2,0
1567,2,0
1578,2,0
1584,2,0
1593,2,0
1600,2,0
1610,2,0
1611,2,0
1633,2,0
1645,2,0
1658,2,0
1670,2,0
1676,2,0
1681,2,0
1685,2,0
1686,2,0
1690,2,0
1695,2,0
1700,2,0
1714,2,0
1715,2,0
1725,2,0
1729,2,0
1739,2,0
1745,2,0
1756,2,0
1758,2,0
1770,2,0
1771,2,0
1772,2,0
1775,2,0
1783,2,0
1789,2,0
1811,2,0
1817,2,0
1827,2,0
1843,2,0
1857,2,0
1858,2,0
1865,2,0
1866,2,0
1876,2,0
1879,2,0
1884,2,0
1885,2,0
1896,2,0
1903,2,0
1914,2,0
1915,2,0
1916,2,0
1917,2,0
1922,2,0
1927,2,0
1936,2,0
1937,2,0
1938,2,0
1941,2,0
1949,2,0
1951,2,0
1957,2,0
1958,2,0
1966,2,0
1968,2,0
1969,2,0
1970,2,0
1972,2,0
1975,2,0
1977,2,0
1978,2,0
1979,2,0
1994,2,0
2004,2,0
2005,2,0
2006,2,0
2007,2,0
2008,2,0
2009,2,0
2035,2,0
2037,2,0
2047,2,0
2048,2,0
2069,2,0
2075,2,0
2083,2,0
2084,2,0
2097,2,0
2098,2,0
2104,2,0
2110,2,0
2114,2,0
2118,2,0
2124,2,0
2129,2,0
2130,2,0
2133,2,0
2136,2,0
2139,2,0
2140,2,0
2141,2,0
2151,2,0
2154,2,0
2,2,1
3,2,1
5,2,1
6,2,1
12,2,1
22,2,1
39,2,1
40,2,1
49,2,1
50,2,1
61,2,1
100,2,1
102,2,1
103,2,1
105,2,1
111,2,1
112,2,1
113,2,1
114,2,1
131,2,1
155,2,1
157,2,1
185,2,1
189,2,1
250,2,1
251,2,1
254,2,1
264,2,1
280,2,1
282,2,1
285,2,1
298,2,1
302,2,1
304,2,1
305,2,1
310,2,1
316,2,1
321,2,1
323,2,1
324,2,1
333,2,1
337,2,1
338,2,1
340,2,1
341,2,1
391,2,1
394,2,1
405,2,1
439,2,1
440,2,1
441,2,1
451,2,1
452,2,1
455,2,1
457,2,1
462,2,1
463,2,1
464,2,1
468,2,1
477,2,1
486,2,1
488,2,1
489,2,1
497,2,1
498,2,1
505,2,1
519,2,1
521,2,1
531,2,1
544,2,1
554,2,1
563,2,1
582,2,1
583,2,1
585,2,1
590,2,1
595,2,1
599,2,1
600,2,1
618,2,1
623,2,1
626,2,1
631,2,1
637,2,1
651,2,1
669,2,1
673,2,1
674,2,1
678,2,1
679,2,1
688,2,1
690,2,1
699,2,1
700,2,1
709,2,1
711,2,1
740,2,1
741,2,1
745,2,1
759,2,1
763,2,1
769,2,1
786,2,1
791,2,1
792,2,1
813,2,1
816,2,1
820,2,1
822,2,1
823,2,1
829,2,1
837,2,1
838,2,1
843,2,1
859,2,1
867,2,1
872,2,1
878,2,1
900,2,1
901,2,1
907,2,1
914,2,1
918,2,1
920,2,1
923,2,1
932,2,1
934,2,1
939,2,1
944,2,1
954,2,1
967,2,1
970,2,1
976,2,1
980,2,1
981,2,1
1004,2,1
1020,2,1
1021,2,1
1022,2,1
1024,2,1
1031,2,1
1032,2,1
1036,2,1
1042,2,1
1043,2,1
1044,2,1
1053,2,1
1055,2,1
1065,2,1
1066,2,1
1073,2,1
1075,2,1
1078,2,1
1079,2,1
1081,2,1
1087,2,1
1088,2,1
1094,2,1
1095,2,1
1098,2,1
1099,2,1
1100,2,1
1102,2,1
1117,2,1
1121,2,1
1123,2,1
1124,2,1
1127,2,1
1128,2,1
1129,2,1
1130,2,1
1131,2,1
1134,2,1
1135,2,1
1136,2,1
1142,2,1
1143,2,1
1144,2,1
1145,2,1
1150,2,1
1152,2,1
1157,2,1
1159,2,1
1162,2,1
1163,2,1
1170,2,1
1175,2,1
1182,2,1
1186,2,1
1189,2,1
1191,2,1
1203,2,1
1204,2,1
1205,2,1
1207,2,1
1210,2,1
1211,2,1
1213,2,1
1231,2,1
1233,2,1
1235,2,1
1236,2,1
1245,2,1
1252,2,1
1253,2,1
1260,2,1
1263,2,1
1265,2,1
1266,2,1
1267,2,1
1268,2,1
1269,2,1
1270,2,1
1273,2,1
1288,2,1
1290,2,1
1291,2,1
1294,2,1
1295,2,1
1296,2,1
1306,2,1
1308,2,1
1311,2,1
1313,2,1
1314,2,1
1315,2,1
1317,2,1
1318,2,1
1329,2,1
1330,2,1
1338,2,1
1344,2,1
1345,2,1
1346,2,1
1349,2,1
1351,2,1
1358,2,1
1364,2,1
1366,2,1
1367,2,1
1369,2,1
1372,2,1
1374,2,1
1375,2,1
1376,2,1
1378,2,1
1379,2,1
1381,2,1
1382,2,1
1383,2,1
1401,2,1
1402,2,1
1404,2,1
1405,2,1
1416,2,1
1417,2,1
1425,2,1
1427,2,1
1430,2,1
1432,2,1
1437,2,1
1438,2,1
1441,2,1
1443,2,1
1444,2,1
1456,2,1
1457,2,1
1458,2,1
1463,2,1
1465,2,1
1466,2,1
1467,2,1
1470,2,1
1484,2,1
1485,2,1
1486,2,1
1487,2,1
1488,2,1
1493,2,1
1500,2,1
1502,2,1
1510,2,1
1512,2,1
1514,2,1
1518,2,1
1519,2,1
1520,2,1
1523,2,1
1527,2,1
1532,2,1
1533,2,1
1535,2,1
1543,2,1
1545,2,1
1546,2,1
1551,2,1
1552,2,1
1553,2,1
1558,2,1
1564,2,1
1565,2,1
1571,2,1
1572,2,1
1573,2,1
1576,2,1
1579,2,1
1580,2,1
1588,2,1
1589,2,1
1590,2,1
1596,2,1
1599,2,1
1601,2,1
1602,2,1
1603,2,1
1604,2,1
1605,2,1
1608,2,1
1621,2,1
1634,2,1
1636,2,1
1647,2,1
1650,2,1
1651,2,1
1654,2,1
1656,2,1
1664,2,1
1671,2,1
1678,2,1
1682,2,1
1691,2,1
1708,2,1
1711,2,1
1712,2,1
1740,2,1
1742,2,1
1743,2,1
1746,2,1
1748,2,1
1749,2,1
1757,2,1
1767,2,1
1776,2,1
1787,2,1
1790,2,1
1797,2,1
1828,2,1
1830,2,1
1837,2,1
1842,2,1
1844,2,1
1848,2,1
1859,2,1
1863,2,1
1870,2,1
1877,2,1
1880,2,1
1881,2,1
1895,2,1
1904,2,1
1911,2,1
1924,2,1
1932,2,1
1946,2,1
1956,2,1
1961,2,1
1967,2,1
1971,2,1
1974,2,1
1980,2,1
1982,2,1
1984,2,1
1986,2,1
1990,2,1
1991,2,1
1992,2,1
1993,2,1
1997,2,1
1999,2,1
2002,2,1
2010,2,1
2012,2,1
2016,2,1
2018,2,1
2019,2,1
2020,2,1
2021,2,1
2029,2,1
2030,2,1
2034,2,1
2036,2,1
2038,2,1
2040,2,1
2041,2,1
2043,2,1
2046,2,1
2050,2,1
2053,2,1
2054,2,1
2055,2,1
2056,2,1
2057,2,1
2058,2,1
2060,2,1
2063,2,1
2066,2,1
2068,2,1
2072,2,1
2074,2,1
2077,2,1
2081,2,1
2082,2,1
2088,2,1
2090,2,1
2095,2,1
2099,2,1
2101,2,1
2105,2,1
2106,2,1
2119,2,1
2120,2,1
2121,2,1
2122,2,1
2123,2,1
2131,2,1
2134,2,1
2135,2,1
2137,2,1
2142,2,1
2143,2,1
2148,2,1
2155,2,1
1,2,2
7,2,2
11,2,2
13,2,2
16,2,2
19,2,2
20,2,2
23,2,2
24,2,2
25,2,2
30,2,2
31,2,2
32,2,2
35,2,2
38,2,2
41,2,2
46,2,2
71,2,2
73,2,2
77,2,2
87,2,2
88,2,2
91,2,2
94,2,2
106,2,2
115,2,2
121,2,2
122,2,2
126,2,2
134,2,2
146,2,2
147,2,2
152,2,2
153,2,2
154,2,2
159,2,2
165,2,2
166,2,2
168,2,2
169,2,2
170,2,2
171,2,2
173,2,2
177,2,2
178,2,2
179,2,2
187,2,2
188,2,2
192,2,2
194,2,2
195,2,2
199,2,2
203,2,2
204,2,2
205,2,2
206,2,2
207,2,2
209,2,2
215,2,2
218,2,2
224,2,2
228,2,2
229,2,2
230,2,2
233,2,2
234,2,2
236,2,2
238,2,2
239,2,2
240,2,2
241,2,2
242,2,2
252,2,2
257,2,2
258,2,2
266,2,2
269,2,2
271,2,2
272,2,2
273,2,2
275,2,2
281,2,2
293,2,2
294,2,2
296,2,2
299,2,2
319,2,2
320,2,2
322,2,2
342,2,2
344,2,2
345,2,2
346,2,2
352,2,2
354,2,2
356,2,2
361,2,2
363,2,2
364,2,2
365,2,2
366,2,2
367,2,2
368,2,2
372,2,2
375,2,2
377,2,2
384,2,2
387,2,2
389,2,2
395,2,2
397,2,2
401,2,2
404,2,2
407,2,2
408,2,2
413,2,2
414,2,2
419,2,2
423,2,2
424,2,2
426,2,2
429,2,2
437,2,2
442,2,2
445,2,2
446,2,2
450,2,2
461,2,2
473,2,2
474,2,2
480,2,2
481,2,2
490,2,2
501,2,2
503,2,2
508,2,2
510,2,2
511,2,2
513,2,2
517,2,2
520,2,2
523,2,2
524,2,2
526,2,2
538,2,2
539,2,2
540,2,2
546,2,2
547,2,2
551,2,2
552,2,2
553,2,2
555,2,2
559,2,2
564,2,2
569,2,2
570,2,2
573,2,2
578,2,2
579,2,2
580,2,2
581,2,2
593,2,2
594,2,2
596,2,2
611,2,2
621,2,2
622,2,2
625,2,2
632,2,2
634,2,2
635,2,2
647,2,2
653,2,2
660,2,2
664,2,2
667,2,2
670,2,2
684,2,2
685,2,2
687,2,2
689,2,2
691,2,2
695,2,2
696,2,2
701,2,2
708,2,2
724,2,2
725,2,2
727,2,2
728,2,2
729,2,2
731,2,2
732,2,2
742,2,2
748,2,2
750,2,2
751,2,2
756,2,2
757,2,2
762,2,2
770,2,2
771,2,2
772,2,2
773,2,2
774,2,2
777,2,2
778,2,2
781,2,2
794,2,2
802,2,2
803,2,2
805,2,2
809,2,2
810,2,2
812,2,2
819,2,2
830,2,2
834,2,2
836,2,2
846,2,2
847,2,2
852,2,2
853,2,2
855,2,2
857,2,2
864,2,2
870,2,2
875,2,2
884,2,2
885,2,2
886,2,2
887,2,2
889,2,2
891,2,2
909,2,2
919,2,2
943,2,2
949,2,2
950,2,2
957,2,2
958,2,2
961,2,2
964,2,2
965,2,2
969,2,2
983,2,2
986,2,2
991,2,2
993,2,2
1015,2,2
1016,2,2
1017,2,2
1019,2,2
1038,2,2
1040,2,2
1045,2,2
1050,2,2
1052,2,2
1056,2,2
1060,2,2
1067,2,2
1072,2,2
1074,2,2
1076,2,2
1082,2,2
1107,2,2
1111,2,2
1112,2,2
1114,2,2
1115,2,2
1118,2,2
1119,2,2
1139,2,2
1140,2,2
1155,2,2
1158,2,2
1164,2,2
1172,2,2
1174,2,2
1179,2,2
1183,2,2
1188,2,2
1193,2,2
1196,2,2
1199,2,2
1219,2,2
1223,2,2
1227,2,2
1228,2,2
1237,2,2
1239,2,2
1240,2,2
1256,2,2
1275,2,2
1283,2,2
1284,2,2
1287,2,2
1299,2,2
1300,2,2
1304,2,2
1332,2,2
1368,2,2
1371,2,2
1384,2,2
1400,2,2
1410,2,2
1413,2,2
1422,2,2
1431,2,2
1447,2,2
1448,2,2
1449,2,2
1453,2,2
1455,2,2
1462,2,2
1482,2,2
1492,2,2
1496,2,2
1515,2,2
1521,2,2
1536,2,2
1537,2,2
1554,2,2
1555,2,2
1563,2,2
1583,2,2
1591,2,2
1612,2,2
1613,2,2
1614,2,2
1617,2,2
1625,2,2
1635,2,2
1641,2,2
1642,2,2
1646,2,2
1653,2,2
1659,2,2
1661,2,2
1665,2,2
1667,2,2
1668,2,2
1677,2,2
1684,2,2
1702,2,2
1705,2,2
1706,2,2
1707,2,2
1718,2,2
1720,2,2
1721,2,2
1724,2,2
1727,2,2
1728,2,2
1736,2,2
1737,2,2
1759,2,2
1779,2,2
1782,2,2
1788,2,2
1791,2,2
1798,2,2
1808,2,2
1813,2,2
1832,2,2
1833,2,2
1835,2,2
1845,2,2
1846,2,2
1847,2,2
1849,2,2
1853,2,2
1860,2,2
1861,2,2
1867,2,2
1868,2,2
1872,2,2
1875,2,2
1882,2,2
1883,2,2
1888,2,2
1890,2,2
1891,2,2
1892,2,2
1893,2,2
1906,2,2
1907,2,2
1908,2,2
1909,2,2
1910,2,2
1912,2,2
1921,2,2
1925,2,2
1926,2,2
1933,2,2
1934,2,2
1939,2,2
1943,2,2
1944,2,2
1945,2,2
1955,2,2
1960,2,2
1964,2,2
1973,2,2
1976,2,2
1985,2,2
1987,2,2
1988,2,2
1989,2,2
2000,2,2
2011,2,2
2013,2,2
2023,2,2
2031,2,2
2032,2,2
2042,2,2
2045,2,2
2051,2,2
2065,2,2
2070,2,2
2079,2,2
2115,2,2
2116,2,2
2138,2,2
2146,2,2
2147,2,2
2149,2,2
2150,2,2
2152,2,2
17,2,3
34,2,3
52,2,3
53,2,3
62,2,3
63,2,3
67,2,3
68,2,3
76,2,3
82,2,3
90,2,3
95,2,3
98,2,3
99,2,3
101,2,3
104,2,3
108,2,3
110,2,3
124,2,3
125,2,3
145,2,3
148,2,3
149,2,3
161,2,3
163,2,3
167,2,3
172,2,3
174,2,3
180,2,3
181,2,3
182,2,3
183,2,3
190,2,3
212,2,3
216,2,3
221,2,3
249,2,3
255,2,3
256,2,3
262,2,3
265,2,3
276,2,3
277,2,3
278,2,3
279,2,3
284,2,3
287,2,3
295,2,3
306,2,3
307,2,3
311,2,3
312,2,3
313,2,3
314,2,3
326,2,3
327,2,3
328,2,3
329,2,3
353,2,3
380,2,3
382,2,3
385,2,3
398,2,3
399,2,3
400,2,3
417,2,3
418,2,3
436,2,3
460,2,3
467,2,3
470,2,3
471,2,3
472,2,3
479,2,3
484,2,3
485,2,3
496,2,3
499,2,3
502,2,3
504,2,3
522,2,3
527,2,3
530,2,3
534,2,3
535,2,3
541,2,3
545,2,3
560,2,3
574,2,3
587,2,3
591,2,3
598,2,3
601,2,3
605,2,3
607,2,3
609,2,3
610,2,3
612,2,3
616,2,3
624,2,3
627,2,3
629,2,3
630,2,3
633,2,3
636,2,3
640,2,3
641,2,3
645,2,3
646,2,3
648,2,3
652,2,3
654,2,3
658,2,3
661,2,3
663,2,3
665,2,3
666,2,3
671,2,3
677,2,3
681,2,3
682,2,3
686,2,3
692,2,3
693,2,3
704,2,3
706,2,3
713,2,3
714,2,3
716,2,3
717,2,3
718,2,3
721,2,3
722,2,3
743,2,3
746,2,3
755,2,3
767,2,3
775,2,3
780,2,3
782,2,3
784,2,3
788,2,3
789,2,3
790,2,3
798,2,3
799,2,3
800,2,3
815,2,3
817,2,3
821,2,3
841,2,3
842,2,3
844,2,3
845,2,3
848,2,3
849,2,3
854,2,3
858,2,3
862,2,3
866,2,3
869,2,3
873,2,3
874,2,3
879,2,3
880,2,3
881,2,3
888,2,3
892,2,3
893,2,3
894,2,3
895,2,3
896,2,3
897,2,3
899,2,3
906,2,3
913,2,3
915,2,3
917,2,3
924,2,3
925,2,3
927,2,3
928,2,3
931,2,3
933,2,3
935,2,3
936,2,3
940,2,3
941,2,3
942,2,3
946,2,3
955,2,3
956,2,3
959,2,3
962,2,3
966,2,3
968,2,3
971,2,3
972,2,3
977,2,3
978,2,3
979,2,3
982,2,3
987,2,3
990,2,3
992,2,3
996,2,3
998,2,3
1009,2,3
1013,2,3
1023,2,3
1025,2,3
1026,2,3
1027,2,3
1034,2,3
1047,2,3
1049,2,3
1061,2,3
1064,2,3
1069,2,3
1084,2,3
1085,2,3
1097,2,3
1103,2,3
1104,2,3
1105,2,3
1106,2,3
1116,2,3
1122,2,3
1125,2,3
1126,2,3
1137,2,3
1138,2,3
1141,2,3
1151,2,3
1153,2,3
1154,2,3
1156,2,3
1173,2,3
1180,2,3
1184,2,3
1192,2,3
1200,2,3
1206,2,3
1208,2,3
1209,2,3
1212,2,3
1214,2,3
1216,2,3
1217,2,3
1222,2,3
1224,2,3
1229,2,3
1232,2,3
1234,2,3
1241,2,3
1243,2,3
1255,2,3
1259,2,3
1262,2,3
1264,2,3
1272,2,3
1276,2,3
1278,2,3
1280,2,3
1281,2,3
1285,2,3
1289,2,3
1292,2,3
1303,2,3
1305,2,3
1307,2,3
1309,2,3
1323,2,3
1324,2,3
1325,2,3
1326,2,3
1328,2,3
1339,2,3
1340,2,3
1341,2,3
1342,2,3
1348,2,3
1352,2,3
1353,2,3
1354,2,3
1355,2,3
1356,2,3
1357,2,3
1359,2,3
1370,2,3
1373,2,3
1377,2,3
1385,2,3
1386,2,3
1387,2,3
1388,2,3
1391,2,3
1395,2,3
1412,2,3
1418,2,3
1419,2,3
1428,2,3
1429,2,3
1435,2,3
1439,2,3
1445,2,3
1446,2,3
1450,2,3
1451,2,3
1452,2,3
1454,2,3
1468,2,3
1473,2,3
1475,2,3
1479,2,3
1483,2,3
1489,2,3
1491,2,3
1494,2,3
1495,2,3
1498,2,3
1499,2,3
1509,2,3
1513,2,3
1524,2,3
1526,2,3
1528,2,3
1531,2,3
1538,2,3
1557,2,3
1570,2,3
1585,2,3
1592,2,3
1594,2,3
1595,2,3
1598,2,3
1607,2,3
1609,2,3
1622,2,3
1623,2,3
1624,2,3
1639,2,3
1643,2,3
1644,2,3
1652,2,3
1655,2,3
1657,2,3
1660,2,3
1666,2,3
1673,2,3
1679,2,3
1693,2,3
1697,2,3
1709,2,3
1710,2,3
1713,2,3
1717,2,3
1719,2,3
1726,2,3
1738,2,3
1741,2,3
1750,2,3
1751,2,3
1762,2,3
1763,2,3
1765,2,3
1774,2,3
1777,2,3
1778,2,3
1792,2,3
1794,2,3
1795,2,3
1807,2,3
1812,2,3
1814,2,3
1818,2,3
1821,2,3
1829,2,3
1831,2,3
1834,2,3
1836,2,3
1838,2,3
1839,2,3
1886,2,3
1887,2,3
1898,2,3
1905,2,3
1928,2,3
1935,2,3
1954,2,3
1959,2,3
1962,2,3
1963,2,3
1983,2,3
1995,2,3
1996,2,3
1998,2,3
2014,2,3
2015,2,3
2024,2,3
2025,2,3
2026,2,3
2027,2,3
2028,2,3
2039,2,3
2044,2,3
2049,2,3
2052,2,3
2059,2,3
2061,2,3
2062,2,3
2064,2,3
2067,2,3
2073,2,3
2076,2,3
2078,2,3
2080,2,3
2085,2,3
2089,2,3
2096,2,3
2100,2,3
2102,2,3
2103,2,3
2109,2,3
2111,2,3
2112,2,3
2117,2,3
2125,2,3
2126,2,3
2128,2,3
2132,2,3
2144,2,3
2153,2,3
0,2,4
8,2,4
10,2,4
14,2,4
15,2,4
18,2,4
21,2,4
33,2,4
37,2,4
42,2,4
47,2,4
48,2,4
55,2,4
60,2,4
69,2,4
75,2,4
78,2,4
79,2,4
80,2,4
89,2,4
96,2,4
109,2,4
116,2,4
128,2,4
129,2,4
130,2,4
132,2,4
133,2,4
135,2,4
136,2,4
137,2,4
138,2,4
139,2,4
140,2,4
141,2,4
143,2,4
144,2,4
150,2,4
151,2,4
156,2,4
158,2,4
176,2,4
191,2,4
193,2,4
208,2,4
210,2,4
211,2,4
214,2,4
217,2,4
231,2,4
232,2,4
244,2,4
248,2,4
253,2,4
259,2,4
274,2,4
283,2,4
286,2,4
288,2,4
297,2,4
315,2,4
317,2,4
330,2,4
331,2,4
349,2,4
350,2,4
357,2,4
358,2,4
360,2,4
362,2,4
369,2,4
374,2,4
379,2,4
386,2,4
388,2,4
392,2,4
410,2,4
411,2,4
420,2,4
421,2,4
427,2,4
428,2,4
431,2,4
433,2,4
435,2,4
443,2,4
449,2,4
453,2,4
454,2,4
458,2,4
465,2,4
466,2,4
469,2,4
478,2,4
482,2,4
487,2,4
494,2,4
495,2,4
500,2,4
507,2,4
514,2,4
518,2,4
528,2,4
536,2,4
548,2,4
557,2,4
558,2,4
561,2,4
562,2,4
571,2,4
572,2,4
577,2,4
584,2,4
586,2,4
588,2,4
592,2,4
602,2,4
603,2,4
604,2,4
608,2,4
613,2,4
615,2,4
620,2,4
628,2,4
642,2,4
643,2,4
644,2,4
649,2,4
655,2,4
659,2,4
675,2,4
676,2,4
694,2,4
715,2,4
719,2,4
726,2,4
730,2,4
734,2,4
735,2,4
736,2,4
737,2,4
739,2,4
747,2,4
752,2,4
754,2,4
758,2,4
764,2,4
765,2,4
779,2,4
787,2,4
793,2,4
795,2,4
796,2,4
797,2,4
808,2,4
827,2,4
831,2,4
833,2,4
839,2,4
850,2,4
851,2,4
860,2,4
861,2,4
863,2,4
868,2,4
890,2,4
898,2,4
904,2,4
911,2,4
921,2,4
922,2,4
929,2,4
945,2,4
947,2,4
960,2,4
963,2,4
984,2,4
985,2,4
988,2,4
989,2,4
995,2,4
997,2,4
999,2,4
1000,2,4
1001,2,4
1003,2,4
1008,2,4
1014,2,4
1035,2,4
1041,2,4
1046,2,4
1048,2,4
1051,2,4
1062,2,4
1063,2,4
1080,2,4
1083,2,4
1089,2,4
1090,2,4
1091,2,4
1092,2,4
1093,2,4
1096,2,4
1101,2,4
1108,2,4
1110,2,4
1113,2,4
1132,2,4
1133,2,4
1147,2,4
1148,2,4
1178,2,4
1197,2,4
1202,2,4
1226,2,4
1238,2,4
1250,2,4
1254,2,4
1261,2,4
1271,2,4
1274,2,4
1293,2,4
1298,2,4
1301,2,4
1302,2,4
1310,2,4
1316,2,4
1320,2,4
1321,2,4
1322,2,4
1331,2,4
1337,2,4
1347,2,4
1350,2,4
1360,2,4
1362,2,4
1380,2,4
1389,2,4
1390,2,4
1393,2,4
1394,2,4
1396,2,4
1397,2,4
1398,2,4
1403,2,4
1406,2,4
1407,2,4
1408,2,4
1409,2,4
1411,2,4
1420,2,4
1421,2,4
1434,2,4
1460,2,4
1461,2,4
1464,2,4
1469,2,4
1472,2,4
1474,2,4
1476,2,4
1501,2,4
1503,2,4
1504,2,4
1507,2,4
1508,2,4
1517,2,4
1525,2,4
1530,2,4
1539,2,4
1540,2,4
1541,2,4
1542,2,4
1544,2,4
1556,2,4
1559,2,4
1560,2,4
1561,2,4
1562,2,4
1566,2,4
1568,2,4
1569,2,4
1574,2,4
1575,2,4
1577,2,4
1581,2,4
1582,2,4
1586,2,4
1587,2,4
1597,2,4
1606,2,4
1615,2,4
1616,2,4
1618,2,4
1619,2,4
1620,2,4
1626,2,4
1627,2,4
1628,2,4
1629,2,4
1630,2,4
1631,2,4
1632,2,4
1637,2,4
1638,2,4
1640,2,4
1648,2,4
1649,2,4
1662,2,4
1663,2,4
1669,2,4
1672,2,4
1674,2,4
1675,2,4
1680,2,4
1683,2,4
1687,2,4
1688,2,4
1689,2,4
1692,2,4
1694,2,4
1696,2,4
1698,2,4
1699,2,4
1701,2,4
1703,2,4
1704,2,4
1716,2,4
1722,2,4
1723,2,4
1730,2,4
1731,2,4
1732,2,4
1733,2,4
1734,2,4
1735,2,4
1744,2,4
1747,2,4
1752,2,4
1753,2,4
1754,2,4
1755,2,4
1760,2,4
1761,2,4
1764,2,4
1766,2,4
1768,2,4
1769,2,4
1773,2,4
1780,2,4
1781,2,4
1784,2,4
1785,2,4
1786,2,4
1793,2,4
1796,2,4
1799,2,4
1800,2,4
1801,2,4
1802,2,4
1803,2,4
1804,2,4
1805,2,4
1806,2,4
1809,2,4
1810,2,4
1815,2,4
1816,2,4
1819,2,4
1820,2,4
1822,2,4
1823,2,4
1824,2,4
1825,2,4
1826,2,4
1840,2,4
1841,2,4
1850,2,4
1851,2,4
1852,2,4
1854,2,4
1855,2,4
1856,2,4
1862,2,4
1864,2,4
1869,2,4
1871,2,4
1873,2,4
1874,2,4
1878,2,4
1889,2,4
1894,2,4
1897,2,4
1899,2,4
1900,2,4
1901,2,4
1902,2,4
1913,2,4
1918,2,4
1919,2,4
1920,2,4
1923,2,4
1929,2,4
1930,2,4
1931,2,4
1940,2,4
1942,2,4
1947,2,4
1948,2,4
1950,2,4
1952,2,4
1953,2,4
1965,2,4
1981,2,4
2001,2,4
2003,2,4
2017,2,4
2022,2,4
2033,2,4
2071,2,4
2086,2,4
2087,2,4
2091,2,4
2092,2,4
2093,2,4
2094,2,4
2107,2,4
2108,2,4
2113,2,4
2127,2,4
2145,2,4
0,3,0
1,3,0
4,3,0
8,3,0
9,3,0
11,3,0
13,3,0
27,3,0
28,3,0
29,3,0
33,3,0
36,3,0
46,3,0
54,3,0
55,3,0
56,3,0
57,3,0
58,3,0
59,3,0
71,3,0
73,3,0
95,3,0
98,3,0
99,3,0
101,3,0
104,3,0
115,3,0
116,3,0
118,3,0
124,3,0
145,3,0
146,3,0
147,3,0
152,3,0
153,3,0
154,3,0
160,3,0
162,3,0
177,3,0
178,3,0
179,3,0
196,3,0
197,3,0
198,3,0
200,3,0
201,3,0
202,3,0
203,3,0
204,3,0
205,3,0
206,3,0
207,3,0
209,3,0
211,3,0
219,3,0
222,3,0
236,3,0
237,3,0
238,3,0
239,3,0
240,3,0
241,3,0
242,3,0
250,3,0
252,3,0
257,3,0
258,3,0
276,3,0
277,3,0
287,3,0
291,3,0
299,3,0
300,3,0
302,3,0
312,3,0
313,3,0
320,3,0
322,3,0
326,3,0
328,3,0
331,3,0
337,3,0
352,3,0
353,3,0
355,3,0
372,3,0
385,3,0
395,3,0
410,3,0
413,3,0
414,3,0
417,3,0
420,3,0
423,3,0
424,3,0
426,3,0
431,3,0
433,3,0
437,3,0
446,3,0
458,3,0
459,3,0
460,3,0
469,3,0
471,3,0
473,3,0
474,3,0
480,3,0
485,3,0
507,3,0
508,3,0
510,3,0
511,3,0
517,3,0
522,3,0
524,3,0
529,3,0
531,3,0
533,3,0
537,3,0
540,3,0
546,3,0
552,3,0
553,3,0
563,3,0
564,3,0
570,3,0
584,3,0
594,3,0
600,3,0
602,3,0
604,3,0
605,3,0
606,3,0
614,3,0
616,3,0
635,3,0
653,3,0
659,3,0
662,3,0
663,3,0
666,3,0
681,3,0
682,3,0
683,3,0
684,3,0
686,3,0
687,3,0
688,3,0
691,3,0
697,3,0
698,3,0
700,3,0
703,3,0
704,3,0
708,3,0
714,3,0
724,3,0
729,3,0
731,3,0
732,3,0
745,3,0
759,3,0
761,3,0
766,3,0
767,3,0
768,3,0
772,3,0
777,3,0
778,3,0
783,3,0
791,3,0
792,3,0
794,3,0
800,3,0
818,3,0
821,3,0
833,3,0
834,3,0
839,3,0
841,3,0
846,3,0
849,3,0
854,3,0
855,3,0
857,3,0
858,3,0
862,3,0
865,3,0
875,3,0
876,3,0
877,3,0
885,3,0
886,3,0
892,3,0
893,3,0
894,3,0
895,3,0
896,3,0
897,3,0
910,3,0
911,3,0
915,3,0
921,3,0
952,3,0
958,3,0
961,3,0
963,3,0
965,3,0
973,3,0
976,3,0
979,3,0
984,3,0
987,3,0
990,3,0
1005,3,0
1006,3,0
1007,3,0
1010,3,0
1011,3,0
1012,3,0
1013,3,0
1014,3,0
1017,3,0
1019,3,0
1023,3,0
1032,3,0
1033,3,0
1036,3,0
1038,3,0
1039,3,0
1041,3,0
1058,3,0
1059,3,0
1076,3,0
1077,3,0
1078,3,0
1079,3,0
1084,3,0
1087,3,0
1088,3,0
1094,3,0
1095,3,0
1103,3,0
1109,3,0
1111,3,0
1112,3,0
1116,3,0
1117,3,0
1119,3,0
1123,3,0
1124,3,0
1127,3,0
1128,3,0
1129,3,0
1130,3,0
1131,3,0
1134,3,0
1135,3,0
1136,3,0
1138,3,0
1159,3,0
1161,3,0
1171,3,0
1172,3,0
1173,3,0
1183,3,0
1185,3,0
1187,3,0
1193,3,0
1196,3,0
1198,3,0
1200,3,0
1219,3,0
1223,3,0
1238,3,0
1249,3,0
1254,3,0
1262,3,0
1275,3,0
1279,3,0
1284,3,0
1294,3,0
1311,3,0
1312,3,0
1319,3,0
1335,3,0
1342,3,0
1347,3,0
1351,3,0
1356,3,0
1357,3,0
1365,3,0
1384,3,0
1416,3,0
1417,3,0
1419,3,0
1432,3,0
1460,3,0
1461,3,0
1463,3,0
1469,3,0
1470,3,0
1472,3,0
1500,3,0
1503,3,0
1507,3,0
1508,3,0
1511,3,0
1513,3,0
1516,3,0
1520,3,0
1521,3,0
1528,3,0
1538,3,0
1543,3,0
1546,3,0
1547,3,0
1554,3,0
1555,3,0
1557,3,0
1568,3,0
1572,3,0
1573,3,0
1574,3,0
1576,3,0
1577,3,0
1578,3,0
1584,3,0
1591,3,0
1593,3,0
1594,3,0
1604,3,0
1615,3,0
1616,3,0
1620,3,0
1637,3,0
1643,3,0
1654,3,0
1662,3,0
1665,3,0
1669,3,0
1670,3,0
1678,3,0
1694,3,0
1696,3,0
1700,3,0
1702,3,0
1707,3,0
1718,3,0
1720,3,0
1728,3,0
1736,3,0
1737,3,0
1741,3,0
1747,3,0
1752,3,0
1796,3,0
1799,3,0
1817,3,0
1828,3,0
1838,3,0
1840,3,0
1841,3,0
1844,3,0
1848,3,0
1857,3,0
1862,3,0
1880,3,0
1886,3,0
1894,3,0
1895,3,0
1896,3,0
1911,3,0
1913,3,0
1915,3,0
1921,3,0
1932,3,0
1935,3,0
1940,3,0
1945,3,0
1946,3,0
1949,3,0
1953,3,0
1960,3,0
1963,3,0
1966,3,0
1971,3,0
1980,3,0
1986,3,0
1993,3,0
2000,3,0
2001,3,0
2002,3,0
2016,3,0
2017,3,0
2018,3,0
2019,3,0
2020,3,0
2021,3,0
2027,3,0
2037,3,0
2038,3,0
2040,3,0
2046,3,0
2047,3,0
2050,3,0
2053,3,0
2054,3,0
2055,3,0
2063,3,0
2066,3,0
2069,3,0
2070,3,0
2077,3,0
2080,3,0
2081,3,0
2082,3,0
2086,3,0
2090,3,0
2096,3,0
2097,3,0
2100,3,0
2102,3,0
2103,3,0
2104,3,0
2105,3,0
2106,3,0
2110,3,0
2116,3,0
2119,3,0
2120,3,0
2121,3,0
2122,3,0
2125,3,0
2131,3,0
2132,3,0
2134,3,0
2142,3,0
2143,3,0
2144,3,0
2148,3,0
2153,3,0
2155,3,0
7,3,1
12,3,1
16,3,1
37,3,1
38,3,1
41,3,1
50,3,1
52,3,1
53,3,1
61,3,1
62,3,1
63,3,1
66,3,1
69,3,1
74,3,1
76,3,1
88,3,1
91,3,1
92,3,1
97,3,1
106,3,1
107,3,1
117,3,1
121,3,1
122,3,1
127,3,1
132,3,1
148,3,1
158,3,1
161,3,1
164,3,1
166,3,1
168,3,1
169,3,1
170,3,1
171,3,1
174,3,1
183,3,1
184,3,1
185,3,1
187,3,1
188,3,1
189,3,1
212,3,1
214,3,1
243,3,1
262,3,1
263,3,1
264,3,1
266,3,1
268,3,1
270,3,1
273,3,1
274,3,1
285,3,1
288,3,1
295,3,1
297,3,1
298,3,1
311,3,1
314,3,1
316,3,1
327,3,1
329,3,1
341,3,1
343,3,1
356,3,1
368,3,1
369,3,1
376,3,1
379,3,1
381,3,1
384,3,1
390,3,1
392,3,1
393,3,1
403,3,1
415,3,1
416,3,1
425,3,1
432,3,1
441,3,1
449,3,1
454,3,1
455,3,1
461,3,1
467,3,1
487,3,1
490,3,1
501,3,1
506,3,1
516,3,1
518,3,1
521,3,1
526,3,1
530,3,1
534,3,1
538,3,1
539,3,1
543,3,1
544,3,1
559,3,1
562,3,1
566,3,1
578,3,1
583,3,1
585,3,1
586,3,1
593,3,1
615,3,1
621,3,1
623,3,1
628,3,1
633,3,1
639,3,1
642,3,1
643,3,1
645,3,1
650,3,1
656,3,1
657,3,1
665,3,1
667,3,1
669,3,1
676,3,1
693,3,1
694,3,1
699,3,1
705,3,1
710,3,1
711,3,1
717,3,1
719,3,1
725,3,1
728,3,1
730,3,1
734,3,1
738,3,1
742,3,1
746,3,1
754,3,1
758,3,1
762,3,1
769,3,1
770,3,1
773,3,1
781,3,1
784,3,1
793,3,1
795,3,1
796,3,1
805,3,1
809,3,1
817,3,1
822,3,1
824,3,1
829,3,1
832,3,1
860,3,1
861,3,1
871,3,1
884,3,1
898,3,1
899,3,1
900,3,1
901,3,1
903,3,1
904,3,1
905,3,1
917,3,1
929,3,1
930,3,1
932,3,1
934,3,1
935,3,1
936,3,1
938,3,1
939,3,1
940,3,1
943,3,1
946,3,1
949,3,1
950,3,1
954,3,1
955,3,1
959,3,1
962,3,1
966,3,1
970,3,1
989,3,1
995,3,1
996,3,1
999,3,1
1000,3,1
1004,3,1
1009,3,1
1016,3,1
1025,3,1
1026,3,1
1034,3,1
1035,3,1
1037,3,1
1042,3,1
1047,3,1
1057,3,1
1061,3,1
1064,3,1
1065,3,1
1066,3,1
1067,3,1
1072,3,1
1083,3,1
1085,3,1
1089,3,1
1090,3,1
1091,3,1
1092,3,1
1093,3,1
1097,3,1
1101,3,1
1102,3,1
1108,3,1
1120,3,1
1122,3,1
1125,3,1
1132,3,1
1133,3,1
1142,3,1
1143,3,1
1144,3,1
1145,3,1
1148,3,1
1149,3,1
1150,3,1
1151,3,1
1156,3,1
1164,3,1
1181,3,1
1188,3,1
1195,3,1
1204,3,1
1220,3,1
1221,3,1
1245,3,1
1256,3,1
1276,3,1
1277,3,1
1278,3,1
1286,3,1
1293,3,1
1302,3,1
1304,3,1
1306,3,1
1310,3,1
1317,3,1
1328,3,1
1331,3,1
1349,3,1
1355,3,1
1361,3,1
1362,3,1
1371,3,1
1376,3,1
1382,3,1
1385,3,1
1389,3,1
1390,3,1
1398,3,1
1399,3,1
1400,3,1
1403,3,1
1406,3,1
1407,3,1
1408,3,1
1409,3,1
1410,3,1
1413,3,1
1423,3,1
1424,3,1
1431,3,1
1433,3,1
1441,3,1
1446,3,1
1453,3,1
1455,3,1
1458,3,1
1465,3,1
1466,3,1
1467,3,1
1468,3,1
1474,3,1
1476,3,1
1479,3,1
1484,3,1
1485,3,1
1486,3,1
1487,3,1
1488,3,1
1497,3,1
1499,3,1
1505,3,1
1515,3,1
1524,3,1
1530,3,1
1536,3,1
1537,3,1
1539,3,1
1542,3,1
1553,3,1
1575,3,1
1579,3,1
1580,3,1
1583,3,1
1588,3,1
1597,3,1
1600,3,1
1609,3,1
1611,3,1
1621,3,1
1631,3,1
1640,3,1
1642,3,1
1652,3,1
1653,3,1
1657,3,1
1667,3,1
1668,3,1
1672,3,1
1683,3,1
1686,3,1
1689,3,1
1690,3,1
1695,3,1
1703,3,1
1704,3,1
1706,3,1
1716,3,1
1721,3,1
1722,3,1
1724,3,1
1725,3,1
1727,3,1
1733,3,1
1734,3,1
1739,3,1
1740,3,1
1743,3,1
1746,3,1
1753,3,1
1754,3,1
1755,3,1
1764,3,1
1765,3,1
1768,3,1
1769,3,1
1775,3,1
1781,3,1
1783,3,1
1785,3,1
1786,3,1
1789,3,1
1792,3,1
1797,3,1
1798,3,1
1800,3,1
1801,3,1
1802,3,1
1803,3,1
1804,3,1
1805,3,1
1806,3,1
1809,3,1
1812,3,1
1815,3,1
1822,3,1
1824,3,1
1839,3,1
1843,3,1
1852,3,1
1856,3,1
1860,3,1
1864,3,1
1869,3,1
1878,3,1
1879,3,1
1885,3,1
1887,3,1
1888,3,1
1889,3,1
1897,3,1
1899,3,1
1901,3,1
1902,3,1
1903,3,1
1906,3,1
1908,3,1
1909,3,1
1912,3,1
1919,3,1
1930,3,1
1948,3,1
1964,3,1
1965,3,1
1967,3,1
1968,3,1
1976,3,1
1981,3,1
1983,3,1
1987,3,1
2011,3,1
2023,3,1
2031,3,1
2039,3,1
2041,3,1
2042,3,1
2045,3,1
2062,3,1
2065,3,1
2076,3,1
2078,3,1
2085,3,1
2089,3,1
2123,3,1
2135,3,1
2137,3,1
2138,3,1
2141,3,1
2150,3,1
3,3,2
6,3,2
14,3,2
15,3,2
17,3,2
19,3,2
20,3,2
22,3,2
23,3,2
24,3,2
25,3,2
30,3,2
31,3,2
32,3,2
39,3,2
42,3,2
49,3,2
60,3,2
64,3,2
65,3,2
77,3,2
89,3,2
90,3,2
108,3,2
114,3,2
123,3,2
125,3,2
131,3,2
134,3,2
143,3,2
144,3,2
151,3,2
156,3,2
159,3,2
163,3,2
175,3,2
182,3,2
193,3,2
195,3,2
199,3,2
213,3,2
216,3,2
220,3,2
223,3,2
224,3,2
225,3,2
228,3,2
229,3,2
230,3,2
235,3,2
248,3,2
249,3,2
251,3,2
259,3,2
260,3,2
265,3,2
267,3,2
275,3,2
283,3,2
286,3,2
289,3,2
290,3,2
294,3,2
304,3,2
305,3,2
308,3,2
317,3,2
324,3,2
354,3,2
359,3,2
361,3,2
362,3,2
374,3,2
375,3,2
377,3,2
389,3,2
394,3,2
397,3,2
401,3,2
405,3,2
409,3,2
411,3,2
418,3,2
421,3,2
427,3,2
428,3,2
429,3,2
435,3,2
436,3,2
444,3,2
452,3,2
456,3,2
464,3,2
466,3,2
475,3,2
479,3,2
482,3,2
483,3,2
496,3,2
497,3,2
498,3,2
509,3,2
513,3,2
514,3,2
525,3,2
532,3,2
535,3,2
536,3,2
542,3,2
548,3,2
554,3,2
561,3,2
567,3,2
568,3,2
574,3,2
582,3,2
588,3,2
589,3,2
592,3,2
595,3,2
596,3,2
597,3,2
607,3,2
608,3,2
611,3,2
624,3,2
626,3,2
627,3,2
629,3,2
638,3,2
640,3,2
644,3,2
646,3,2
647,3,2
648,3,2
649,3,2
671,3,2
673,3,2
674,3,2
685,3,2
689,3,2
701,3,2
707,3,2
712,3,2
721,3,2
727,3,2
739,3,2
744,3,2
748,3,2
749,3,2
750,3,2
751,3,2
753,3,2
755,3,2
756,3,2
776,3,2
779,3,2
785,3,2
797,3,2
798,3,2
801,3,2
802,3,2
803,3,2
808,3,2
813,3,2
814,3,2
819,3,2
823,3,2
825,3,2
826,3,2
827,3,2
830,3,2
837,3,2
842,3,2
844,3,2
845,3,2
859,3,2
866,3,2
867,3,2
870,3,2
882,3,2
883,3,2
887,3,2
889,3,2
902,3,2
907,3,2
914,3,2
919,3,2
920,3,2
922,3,2
923,3,2
927,3,2
928,3,2
947,3,2
957,3,2
968,3,2
974,3,2
975,3,2
977,3,2
978,3,2
982,3,2
986,3,2
991,3,2
993,3,2
994,3,2
1003,3,2
1022,3,2
1024,3,2
1027,3,2
1028,3,2
1029,3,2
1030,3,2
1040,3,2
1044,3,2
1048,3,2
1049,3,2
1050,3,2
1051,3,2
1052,3,2
1054,3,2
1055,3,2
1056,3,2
1060,3,2
1068,3,2
1075,3,2
1080,3,2
1081,3,2
1104,3,2
1105,3,2
1107,3,2
1126,3,2
1146,3,2
1152,3,2
1155,3,2
1160,3,2
1165,3,2
1166,3,2
1167,3,2
1168,3,2
1169,3,2
1170,3,2
1176,3,2
1177,3,2
1179,3,2
1182,3,2
1186,3,2
1189,3,2
1190,3,2
1194,3,2
1197,3,2
1203,3,2
1206,3,2
1208,3,2
1209,3,2
1212,3,2
1218,3,2
1225,3,2
1232,3,2
1241,3,2
1243,3,2
1246,3,2
1247,3,2
1248,3,2
1250,3,2
1252,3,2
1253,3,2
1261,3,2
1264,3,2
1271,3,2
1274,3,2
1283,3,2
1289,3,2
1295,3,2
1300,3,2
1301,3,2
1307,3,2
1309,3,2
1316,3,2
1320,3,2
1321,3,2
1322,3,2
1327,3,2
1329,3,2
1330,3,2
1332,3,2
1333,3,2
1334,3,2
1338,3,2
1343,3,2
1350,3,2
1359,3,2
1364,3,2
1366,3,2
1367,3,2
1368,3,2
1373,3,2
1380,3,2
1381,3,2
1392,3,2
1393,3,2
1396,3,2
1414,3,2
1415,3,2
1420,3,2
1421,3,2
1425,3,2
1434,3,2
1435,3,2
1439,3,2
1445,3,2
1471,3,2
1477,3,2
1480,3,2
1481,3,2
1483,3,2
1490,3,2
1504,3,2
1514,3,2
1525,3,2
1526,3,2
1529,3,2
1534,3,2
1548,3,2
1549,3,2
1561,3,2
1566,3,2
1571,3,2
1587,3,2
1596,3,2
1610,3,2
1612,3,2
1613,3,2
1624,3,2
1633,3,2
1641,3,2
1659,3,2
1661,3,2
1671,3,2
1677,3,2
1680,3,2
1681,3,2
1692,3,2
1715,3,2
1726,3,2
1738,3,2
1750,3,2
1756,3,2
1774,3,2
1788,3,2
1793,3,2
1807,3,2
1813,3,2
1818,3,2
1821,3,2
1829,3,2
1831,3,2
1834,3,2
1845,3,2
1846,3,2
1847,3,2
1849,3,2
1861,3,2
1863,3,2
1866,3,2
1867,3,2
1868,3,2
1870,3,2
1875,3,2
1876,3,2
1881,3,2
1890,3,2
1891,3,2
1892,3,2
1893,3,2
1905,3,2
1910,3,2
1916,3,2
1917,3,2
1920,3,2
1925,3,2
1926,3,2
1931,3,2
1942,3,2
1943,3,2
1944,3,2
1954,3,2
1956,3,2
1957,3,2
1958,3,2
1969,3,2
1970,3,2
1973,3,2
1974,3,2
1975,3,2
1977,3,2
1978,3,2
1979,3,2
1985,3,2
1990,3,2
1991,3,2
1992,3,2
1994,3,2
1997,3,2
2005,3,2
2006,3,2
2007,3,2
2008,3,2
2009,3,2
2013,3,2
2022,3,2
2060,3,2
2067,3,2
2071,3,2
2073,3,2
2075,3,2
2083,3,2
2084,3,2
2087,3,2
2094,3,2
2098,3,2
2113,3,2
2114,3,2
2115,3,2
2117,3,2
2124,3,2
2129,3,2
2136,3,2
2154,3,2
2,3,3
5,3,3
21,3,3
26,3,3
34,3,3
35,3,3
51,3,3
72,3,3
81,3,3
93,3,3
96,3,3
100,3,3
102,3,3
103,3,3
105,3,3
111,3,3
112,3,3
113,3,3
149,3,3
155,3,3
167,3,3
172,3,3
186,3,3
191,3,3
192,3,3
194,3,3
217,3,3
218,3,3
226,3,3
227,3,3
233,3,3
234,3,3
244,3,3
254,3,3
280,3,3
282,3,3
292,3,3
293,3,3
301,3,3
306,3,3
319,3,3
323,3,3
330,3,3
332,3,3
333,3,3
338,3,3
344,3,3
345,3,3
346,3,3
363,3,3
364,3,3
365,3,3
366,3,3
367,3,3
378,3,3
380,3,3
382,3,3
383,3,3
406,3,3
407,3,3
408,3,3
419,3,3
430,3,3
445,3,3
450,3,3
451,3,3
457,3,3
468,3,3
477,3,3
481,3,3
484,3,3
486,3,3
488,3,3
489,3,3
494,3,3
500,3,3
502,3,3
504,3,3
523,3,3
547,3,3
556,3,3
565,3,3
569,3,3
572,3,3
573,3,3
575,3,3
577,3,3
579,3,3
580,3,3
581,3,3
591,3,3
599,3,3
610,3,3
620,3,3
631,3,3
632,3,3
634,3,3
651,3,3
654,3,3
655,3,3
658,3,3
668,3,3
670,3,3
675,3,3
677,3,3
678,3,3
679,3,3
680,3,3
692,3,3
695,3,3
696,3,3
709,3,3
715,3,3
718,3,3
720,3,3
723,3,3
733,3,3
741,3,3
743,3,3
752,3,3
760,3,3
763,3,3
764,3,3
765,3,3
771,3,3
775,3,3
780,3,3
788,3,3
789,3,3
790,3,3
804,3,3
806,3,3
807,3,3
811,3,3
812,3,3
815,3,3
816,3,3
820,3,3
840,3,3
843,3,3
850,3,3
853,3,3
869,3,3
873,3,3
874,3,3
878,3,3
879,3,3
880,3,3
881,3,3
891,3,3
906,3,3
909,3,3
918,3,3
937,3,3
941,3,3
945,3,3
960,3,3
967,3,3
969,3,3
971,3,3
972,3,3
980,3,3
981,3,3
983,3,3
985,3,3
1001,3,3
1018,3,3
1020,3,3
1021,3,3
1046,3,3
1069,3,3
1070,3,3
1071,3,3
1073,3,3
1074,3,3
1082,3,3
1096,3,3
1098,3,3
1106,3,3
1113,3,3
1114,3,3
1115,3,3
1140,3,3
1141,3,3
1153,3,3
1157,3,3
1158,3,3
1162,3,3
1174,3,3
1175,3,3
1199,3,3
1201,3,3
1202,3,3
1205,3,3
1207,3,3
1210,3,3
1211,3,3
1213,3,3
1214,3,3
1215,3,3
1216,3,3
1224,3,3
1226,3,3
1231,3,3
1233,3,3
1235,3,3
1236,3,3
1242,3,3
1244,3,3
1255,3,3
1257,3,3
1258,3,3
1259,3,3
1263,3,3
1265,3,3
1266,3,3
1267,3,3
1268,3,3
1269,3,3
1270,3,3
1272,3,3
1280,3,3
1281,3,3
1285,3,3
1288,3,3
1290,3,3
1291,3,3
1296,3,3
1298,3,3
1303,3,3
1305,3,3
1308,3,3
1313,3,3
1314,3,3
1315,3,3
1318,3,3
1323,3,3
1324,3,3
1325,3,3
1326,3,3
1337,3,3
1340,3,3
1341,3,3
1344,3,3
1345,3,3
1346,3,3
1352,3,3
1353,3,3
1354,3,3
1358,3,3
1360,3,3
1363,3,3
1369,3,3
1370,3,3
1372,3,3
1374,3,3
1375,3,3
1378,3,3
1379,3,3
1383,3,3
1386,3,3
1387,3,3
1388,3,3
1391,3,3
1394,3,3
1395,3,3
1401,3,3
1402,3,3
1404,3,3
1405,3,3
1411,3,3
1412,3,3
1418,3,3
1427,3,3
1428,3,3
1429,3,3
1430,3,3
1436,3,3
1437,3,3
1438,3,3
1440,3,3
1444,3,3
1450,3,3
1451,3,3
1452,3,3
1454,3,3
1456,3,3
1457,3,3
1475,3,3
1482,3,3
1489,3,3
1491,3,3
1493,3,3
1494,3,3
1495,3,3
1498,3,3
1506,3,3
1517,3,3
1518,3,3
1519,3,3
1527,3,3
1532,3,3
1533,3,3
1535,3,3
1540,3,3
1541,3,3
1551,3,3
1552,3,3
1556,3,3
1558,3,3
1559,3,3
1560,3,3
1562,3,3
1564,3,3
1565,3,3
1569,3,3
1570,3,3
1581,3,3
1582,3,3
1586,3,3
1603,3,3
1605,3,3
1607,3,3
1614,3,3
1626,3,3
1627,3,3
1628,3,3
1629,3,3
1630,3,3
1632,3,3
1638,3,3
1639,3,3
1645,3,3
1647,3,3
1648,3,3
1649,3,3
1655,3,3
1663,3,3
1664,3,3
1674,3,3
1675,3,3
1676,3,3
1685,3,3
1687,3,3
1688,3,3
1693,3,3
1698,3,3
1699,3,3
1701,3,3
1709,3,3
1710,3,3
1713,3,3
1714,3,3
1717,3,3
1719,3,3
1723,3,3
1729,3,3
1730,3,3
1731,3,3
1732,3,3
1735,3,3
1744,3,3
1745,3,3
1757,3,3
1760,3,3
1761,3,3
1766,3,3
1784,3,3
1810,3,3
1816,3,3
1819,3,3
1823,3,3
1825,3,3
1826,3,3
1827,3,3
1832,3,3
1833,3,3
1842,3,3
1854,3,3
1855,3,3
1871,3,3
1874,3,3
1900,3,3
1904,3,3
1914,3,3
1924,3,3
1927,3,3
1933,3,3
1934,3,3
1941,3,3
1947,3,3
1950,3,3
1951,3,3
1955,3,3
1959,3,3
1984,3,3
1989,3,3
1996,3,3
1999,3,3
2012,3,3
2024,3,3
2025,3,3
2026,3,3
2028,3,3
2029,3,3
2032,3,3
2033,3,3
2049,3,3
2052,3,3
2056,3,3
2057,3,3
2058,3,3
2059,3,3
2064,3,3
2068,3,3
2074,3,3
2088,3,3
2095,3,3
2099,3,3
2111,3,3
2112,3,3
2118,3,3
2126,3,3
2127,3,3
2128,3,3
2133,3,3
2139,3,3
2140,3,3
2151,3,3
10,3,4
18,3,4
40,3,4
43,3,4
44,3,4
45,3,4
47,3,4
48,3,4
67,3,4
68,3,4
70,3,4
75,3,4
78,3,4
79,3,4
80,3,4
82,3,4
83,3,4
84,3,4
85,3,4
86,3,4
87,3,4
94,3,4
109,3,4
110,3,4
119,3,4
120,3,4
126,3,4
128,3,4
129,3,4
130,3,4
133,3,4
135,3,4
136,3,4
137,3,4
138,3,4
139,3,4
140,3,4
141,3,4
142,3,4
150,3,4
157,3,4
165,3,4
173,3,4
176,3,4
180,3,4
181,3,4
190,3,4
208,3,4
210,3,4
215,3,4
221,3,4
231,3,4
232,3,4
245,3,4
246,3,4
247,3,4
253,3,4
255,3,4
256,3,4
261,3,4
269,3,4
271,3,4
272,3,4
278,3,4
279,3,4
281,3,4
284,3,4
296,3,4
303,3,4
307,3,4
309,3,4
310,3,4
315,3,4
318,3,4
321,3,4
325,3,4
334,3,4
335,3,4
336,3,4
339,3,4
340,3,4
342,3,4
347,3,4
348,3,4
349,3,4
350,3,4
351,3,4
357,3,4
358,3,4
360,3,4
370,3,4
371,3,4
373,3,4
386,3,4
387,3,4
388,3,4
391,3,4
396,3,4
398,3,4
399,3,4
400,3,4
402,3,4
404,3,4
412,3,4
422,3,4
434,3,4
438,3,4
439,3,4
440,3,4
442,3,4
443,3,4
447,3,4
448,3,4
453,3,4
462,3,4
463,3,4
465,3,4
470,3,4
472,3,4
476,3,4
478,3,4
491,3,4
492,3,4
493,3,4
495,3,4
499,3,4
503,3,4
505,3,4
512,3,4
515,3,4
519,3,4
520,3,4
527,3,4
528,3,4
541,3,4
545,3,4
549,3,4
550,3,4
551,3,4
555,3,4
557,3,4
558,3,4
560,3,4
571,3,4
576,3,4
587,3,4
590,3,4
598,3,4
601,3,4
603,3,4
609,3,4
612,3,4
613,3,4
617,3,4
618,3,4
619,3,4
622,3,4
625,3,4
630,3,4
636,3,4
637,3,4
641,3,4
652,3,4
660,3,4
661,3,4
664,3,4
672,3,4
690,3,4
702,3,4
706,3,4
713,3,4
716,3,4
722,3,4
726,3,4
735,3,4
736,3,4
737,3,4
740,3,4
747,3,4
757,3,4
774,3,4
782,3,4
786,3,4
787,3,4
799,3,4
810,3,4
828,3,4
831,3,4
835,3,4
836,3,4
838,3,4
847,3,4
848,3,4
851,3,4
852,3,4
856,3,4
863,3,4
864,3,4
868,3,4
872,3,4
888,3,4
890,3,4
908,3,4
912,3,4
913,3,4
916,3,4
924,3,4
925,3,4
926,3,4
931,3,4
933,3,4
942,3,4
944,3,4
948,3,4
951,3,4
953,3,4
956,3,4
964,3,4
988,3,4
992,3,4
997,3,4
998,3,4
1002,3,4
1008,3,4
1015,3,4
1031,3,4
1043,3,4
1045,3,4
1053,3,4
1062,3,4
1063,3,4
1086,3,4
1099,3,4
1100,3,4
1110,3,4
1118,3,4
1121,3,4
1137,3,4
1139,3,4
1147,3,4
1154,3,4
1163,3,4
1178,3,4
1180,3,4
1184,3,4
1191,3,4
1192,3,4
1217,3,4
1222,3,4
1227,3,4
1228,3,4
1229,3,4
1230,3,4
1234,3,4
1237,3,4
1239,3,4
1240,3,4
1251,3,4
1260,3,4
1273,3,4
1282,3,4
1287,3,4
1292,3,4
1297,3,4
1299,3,4
1336,3,4
1339,3,4
1348,3,4
1377,3,4
1397,3,4
1422,3,4
1426,3,4
1442,3,4
1443,3,4
1447,3,4
1448,3,4
1449,3,4
1459,3,4
1462,3,4
1464,3,4
1473,3,4
1478,3,4
1492,3,4
1496,3,4
1501,3,4
1502,3,4
1509,3,4
1510,3,4
1512,3,4
1522,3,4
1523,3,4
1531,3,4
1544,3,4
1545,3,4
1550,3,4
1563,3,4
1567,3,4
1585,3,4
1589,3,4
1590,3,4
1592,3,4
1595,3,4
1598,3,4
1599,3,4
1601,3,4
1602,3,4
1606,3,4
1608,3,4
1617,3,4
1618,3,4
1619,3,4
1622,3,4
1623,3,4
1625,3,4
1634,3,4
1635,3,4
1636,3,4
1644,3,4
1646,3,4
1650,3,4
1651,3,4
1656,3,4
1658,3,4
1660,3,4
1666,3,4
1673,3,4
1679,3,4
1682,3,4
1684,3,4
1691,3,4
1697,3,4
1705,3,4
1708,3,4
1711,3,4
1712,3,4
1742,3,4
1748,3,4
1749,3,4
1751,3,4
1758,3,4
1759,3,4
1762,3,4
1763,3,4
1767,3,4
1770,3,4
1771,3,4
1772,3,4
1773,3,4
1776,3,4
1777,3,4
1778,3,4
1779,3,4
1780,3,4
1782,3,4
1787,3,4
1790,3,4
1791,3,4
1794,3,4
1795,3,4
1808,3,4
1811,3,4
1814,3,4
1820,3,4
1830,3,4
1835,3,4
1836,3,4
1837,3,4
1850,3,4
1851,3,4
1853,3,4
1858,3,4
1859,3,4
1865,3,4
1872,3,4
1873,3,4
1877,3,4
1882,3,4
1883,3,4
1884,3,4
1898,3,4
1907,3,4
1918,3,4
1922,3,4
1923,3,4
1928,3,4
1929,3,4
1936,3,4
1937,3,4
1938,3,4
1939,3,4
1952,3,4
1961,3,4
1962,3,4
1972,3,4
1982,3,4
1988,3,4
1995,3,4
1998,3,4
2003,3,4
2004,3,4
2010,3,4
2014,3,4
2015,3,4
2030,3,4
2034,3,4
2035,3,4
2036,3,4
2043,3,4
2044,3,4
2048,3,4
2051,3,4
2061,3,4
2072,3,4
2079,3,4
2091,3,4
2092,3,4
2093,3,4
2101,3,4
2107,3,4
2108,3,4
2109,3,4
2130,3,4
2145,3,4
2146,3,4
2147,3,4
2149,3,4
2152,3,4
4,4,0
16,4,0
21,4,0
52,4,0
53,4,0
63,4,0
64,4,0
67,4,0
68,4,0
71,4,0
73,4,0
82,4,0
92,4,0
96,4,0
107,4,0
110,4,0
162,4,0
175,4,0
176,4,0
180,4,0
181,4,0
184,4,0
194,4,0
213,4,0
219,4,0
222,4,0
224,4,0
225,4,0
228,4,0
229,4,0
230,4,0
235,4,0
249,4,0
250,4,0
255,4,0
256,4,0
264,4,0
270,4,0
273,4,0
274,4,0
278,4,0
279,4,0
280,4,0
284,4,0
287,4,0
288,4,0
294,4,0
295,4,0
304,4,0
305,4,0
308,4,0
330,4,0
333,4,0
341,4,0
344,4,0
345,4,0
346,4,0
353,4,0
355,4,0
360,4,0
361,4,0
363,4,0
364,4,0
365,4,0
366,4,0
367,4,0
378,4,0
398,4,0
399,4,0
400,4,0
407,4,0
408,4,0
411,4,0
412,4,0
417,4,0
419,4,0
421,4,0
426,4,0
434,4,0
435,4,0
439,4,0
440,4,0
444,4,0
448,4,0
458,4,0
460,4,0
467,4,0
470,4,0
471,4,0
472,4,0
475,4,0
478,4,0
487,4,0
514,4,0
515,4,0
516,4,0
525,4,0
531,4,0
540,4,0
543,4,0
544,4,0
547,4,0
549,4,0
550,4,0
554,4,0
562,4,0
568,4,0
573,4,0
584,4,0
599,4,0
603,4,0
609,4,0
611,4,0
613,4,0
616,4,0
623,4,0
624,4,0
628,4,0
629,4,0
633,4,0
634,4,0
639,4,0
666,4,0
672,4,0
676,4,0
681,4,0
682,4,0
686,4,0
692,4,0
704,4,0
706,4,0
712,4,0
716,4,0
717,4,0
718,4,0
722,4,0
727,4,0
733,4,0
738,4,0
739,4,0
741,4,0
742,4,0
747,4,0
767,4,0
773,4,0
774,4,0
779,4,0
794,4,0
801,4,0
813,4,0
816,4,0
820,4,0
838,4,0
841,4,0
842,4,0
844,4,0
849,4,0
858,4,0
862,4,0
863,4,0
867,4,0
891,4,0
902,4,0
903,4,0
905,4,0
909,4,0
914,4,0
944,4,0
951,4,0
952,4,0
960,4,0
977,4,0
978,4,0
983,4,0
987,4,0
993,4,0
994,4,0
997,4,0
998,4,0
1002,4,0
1013,4,0
1015,4,0
1019,4,0
1023,4,0
1027,4,0
1037,4,0
1042,4,0
1045,4,0
1051,4,0
1054,4,0
1056,4,0
1074,4,0
1080,4,0
1083,4,0
1085,4,0
1101,4,0
1103,4,0
1107,4,0
1108,4,0
1110,4,0
1117,4,0
1122,4,0
1139,4,0
1145,4,0
1151,4,0
1157,4,0
1158,4,0
1159,4,0
1164,4,0
1165,4,0
1172,4,0
1173,4,0
1179,4,0
1181,4,0
1188,4,0
1189,4,0
1194,4,0
1199,4,0
1201,4,0
1226,4,0
1229,4,0
1242,4,0
1244,4,0
1251,4,0
1254,4,0
1257,4,0
1258,4,0
1275,4,0
1276,4,0
1278,4,0
1286,4,0
1296,4,0
1301,4,0
1311,4,0
1316,4,0
1355,4,0
1356,4,0
1357,4,0
1380,4,0
1383,4,0
1384,4,0
1385,4,0
1396,4,0
1413,4,0
1420,4,0
1421,4,0
1434,4,0
1436,4,0
1440,4,0
1454,4,0
1468,4,0
1499,4,0
1503,4,0
1505,4,0
1507,4,0
1508,4,0
1510,4,0
1517,4,0
1521,4,0
1527,4,0
1529,4,0
1541,4,0
1543,4,0
1544,4,0
1553,4,0
1556,4,0
1559,4,0
1562,4,0
1566,4,0
1568,4,0
1569,4,0
1576,4,0
1581,4,0
1582,4,0
1588,4,0
1591,4,0
1593,4,0
1594,4,0
1608,4,0
1621,4,0
1626,4,0
1627,4,0
1628,4,0
1629,4,0
1630,4,0
1631,4,0
1632,4,0
1633,4,0
1636,4,0
1637,4,0
1638,4,0
1640,4,0
1642,4,0
1645,4,0
1648,4,0
1649,4,0
1652,4,0
1653,4,0
1663,4,0
1674,4,0
1675,4,0
1677,4,0
1678,4,0
1679,4,0
1680,4,0
1685,4,0
1687,4,0
1691,4,0
1692,4,0
1698,4,0
1699,4,0
1701,4,0
1706,4,0
1713,4,0
1718,4,0
1720,4,0
1723,4,0
1724,4,0
1730,4,0
1731,4,0
1732,4,0
1735,4,0
1740,4,0
1743,4,0
1747,4,0
1750,4,0
1753,4,0
1754,4,0
1755,4,0
1760,4,0
1761,4,0
1766,4,0
1767,4,0
1768,4,0
1773,4,0
1776,4,0
1780,4,0
1783,4,0
1784,4,0
1789,4,0
1797,4,0
1800,4,0
1803,4,0
1806,4,0
1808,4,0
1816,4,0
1819,4,0
1822,4,0
1823,4,0
1824,4,0
1825,4,0
1826,4,0
1828,4,0
1830,4,0
1838,4,0
1843,4,0
1850,4,0
1852,4,0
1854,4,0
1855,4,0
1856,4,0
1862,4,0
1865,4,0
1871,4,0
1873,4,0
1874,4,0
1878,4,0
1881,4,0
1882,4,0
1883,4,0
1887,4,0
1894,4,0
1895,4,0
1899,4,0
1900,4,0
1902,4,0
1908,4,0
1909,4,0
1919,4,0
1932,4,0
1939,4,0
1946,4,0
1947,4,0
1956,4,0
1963,4,0
1964,4,0
1976,4,0
1981,4,0
1987,4,0
1988,4,0
1990,4,0
2002,4,0
2011,4,0
2016,4,0
2018,4,0
2019,4,0
2020,4,0
2021,4,0
2023,4,0
2027,4,0
2034,4,0
2038,4,0
2040,4,0
2042,4,0
2050,4,0
2051,4,0
2053,4,0
2054,4,0
2055,4,0
2063,4,0
2066,4,0
2071,4,0
2081,4,0
2082,4,0
2090,4,0
2093,4,0
2105,4,0
2108,4,0
2118,4,0
2126,4,0
2127,4,0
2131,4,0
2134,4,0
2139,4,0
2140,4,0
2142,4,0
2143,4,0
2151,4,0
2155,4,0
3,4,1
11,4,1
13,4,1
19,4,1
20,4,1
22,4,1
23,4,1
24,4,1
25,4,1
30,4,1
31,4,1
32,4,1
33,4,1
40,4,1
46,4,1
62,4,1
69,4,1
72,4,1
76,4,1
87,4,1
126,4,1
127,4,1
131,4,1
144,4,1
151,4,1
156,4,1
157,4,1
158,4,1
159,4,1
164,4,1
192,4,1
193,4,1
195,4,1
199,4,1
218,4,1
220,4,1
223,4,1
233,4,1
234,4,1
248,4,1
258,4,1
262,4,1
265,4,1
268,4,1
275,4,1
276,4,1
277,4,1
286,4,1
306,4,1
307,4,1
310,4,1
316,4,1
319,4,1
320,4,1
323,4,1
338,4,1
340,4,1
342,4,1
369,4,1
370,4,1
375,4,1
376,4,1
377,4,1
381,4,1
388,4,1
389,4,1
391,4,1
393,4,1
394,4,1
397,4,1
401,4,1
403,4,1
409,4,1
410,4,1
420,4,1
425,4,1
431,4,1
433,4,1
437,4,1
449,4,1
450,4,1
477,4,1
479,4,1
484,4,1
488,4,1
489,4,1
499,4,1
501,4,1
502,4,1
504,4,1
505,4,1
518,4,1
519,4,1
535,4,1
536,4,1
537,4,1
563,4,1
575,4,1
583,4,1
587,4,1
591,4,1
597,4,1
600,4,1
607,4,1
608,4,1
612,4,1
626,4,1
641,4,1
642,4,1
643,4,1
645,4,1
646,4,1
648,4,1
650,4,1
656,4,1
657,4,1
661,4,1
671,4,1
675,4,1
678,4,1
680,4,1
690,4,1
694,4,1
695,4,1
696,4,1
697,4,1
700,4,1
707,4,1
708,4,1
713,4,1
714,4,1
740,4,1
752,4,1
753,4,1
754,4,1
756,4,1
757,4,1
758,4,1
759,4,1
761,4,1
763,4,1
786,4,1
791,4,1
792,4,1
793,4,1
795,4,1
796,4,1
798,4,1
799,4,1
804,4,1
806,4,1
807,4,1
808,4,1
819,4,1
821,4,1
827,4,1
829,4,1
830,4,1
831,4,1
833,4,1
836,4,1
840,4,1
850,4,1
853,4,1
855,4,1
860,4,1
866,4,1
870,4,1
872,4,1
873,4,1
876,4,1
877,4,1
878,4,1
879,4,1
880,4,1
881,4,1
882,4,1
887,4,1
889,4,1
899,4,1
900,4,1
901,4,1
911,4,1
918,4,1
920,4,1
922,4,1
923,4,1
927,4,1
928,4,1
934,4,1
935,4,1
936,4,1
938,4,1
941,4,1
943,4,1
949,4,1
950,4,1
953,4,1
957,4,1
963,4,1
970,4,1
971,4,1
972,4,1
979,4,1
989,4,1
991,4,1
992,4,1
995,4,1
1003,4,1
1009,4,1
1026,4,1
1028,4,1
1029,4,1
1030,4,1
1033,4,1
1034,4,1
1035,4,1
1040,4,1
1044,4,1
1049,4,1
1050,4,1
1057,4,1
1061,4,1
1062,4,1
1063,4,1
1064,4,1
1065,4,1
1066,4,1
1067,4,1
1070,4,1
1071,4,1
1073,4,1
1084,4,1
1089,4,1
1090,4,1
1091,4,1
1092,4,1
1093,4,1
1099,4,1
1102,4,1
1111,4,1
1121,4,1
1132,4,1
1133,4,1
1149,4,1
1163,4,1
1171,4,1
1195,4,1
1197,4,1
1214,4,1
1216,4,1
1224,4,1
1225,4,1
1241,4,1
1243,4,1
1255,4,1
1259,4,1
1260,4,1
1273,4,1
1282,4,1
1285,4,1
1292,4,1
1293,4,1
1297,4,1
1303,4,1
1305,4,1
1306,4,1
1320,4,1
1321,4,1
1322,4,1
1323,4,1
1324,4,1
1325,4,1
1326,4,1
1336,4,1
1338,4,1
1340,4,1
1341,4,1
1349,4,1
1352,4,1
1353,4,1
1354,4,1
1361,4,1
1363,4,1
1370,4,1
1389,4,1
1390,4,1
1391,4,1
1392,4,1
1394,4,1
1395,4,1
1397,4,1
1400,4,1
1406,4,1
1407,4,1
1408,4,1
1410,4,1
1411,4,1
1412,4,1
1418,4,1
1428,4,1
1431,4,1
1433,4,1
1435,4,1
1439,4,1
1442,4,1
1443,4,1
1450,4,1
1453,4,1
1455,4,1
1460,4,1
1461,4,1
1465,4,1
1466,4,1
1467,4,1
1473,4,1
1474,4,1
1476,4,1
1479,4,1
1484,4,1
1485,4,1
1486,4,1
1487,4,1
1488,4,1
1489,4,1
1491,4,1
1494,4,1
1495,4,1
1498,4,1
1506,4,1
1522,4,1
1523,4,1
1524,4,1
1525,4,1
1546,4,1
1547,4,1
1548,4,1
1549,4,1
1550,4,1
1563,4,1
1577,4,1
1583,4,1
1584,4,1
1585,4,1
1596,4,1
1607,4,1
1609,4,1
1610,4,1
1620,4,1
1634,4,1
1655,4,1
1657,4,1
1659,4,1
1660,4,1
1662,4,1
1669,4,1
1686,4,1
1693,4,1
1695,4,1
1709,4,1
1710,4,1
1711,4,1
1712,4,1
1717,4,1
1719,4,1
1721,4,1
1728,4,1
1742,4,1
1748,4,1
1749,4,1
1762,4,1
1772,4,1
1787,4,1
1788,4,1
1790,4,1
1793,4,1
1820,4,1
1832,4,1
1833,4,1
1851,4,1
1858,4,1
1866,4,1
1877,4,1
1889,4,1
1911,4,1
1912,4,1
1913,4,1
1918,4,1
1922,4,1
1929,4,1
1936,4,1
1937,4,1
1938,4,1
1945,4,1
1950,4,1
1952,4,1
1953,4,1
1959,4,1
1960,4,1
1966,4,1
1967,4,1
1973,4,1
2003,4,1
2007,4,1
2008,4,1
2022,4,1
2028,4,1
2031,4,1
2039,4,1
2041,4,1
2045,4,1
2062,4,1
2064,4,1
2065,4,1
2072,4,1
2076,4,1
2080,4,1
2085,4,1
2089,4,1
2091,4,1
2092,4,1
2096,4,1
2107,4,1
2110,4,1
2116,4,1
2144,4,1
2145,4,1
2153,4,1
1,4,2
2,4,2
7,4,2
10,4,2
14,4,2
15,4,2
37,4,2
38,4,2
41,4,2
42,4,2
43,4,2
44,4,2
45,4,2
47,4,2
48,4,2
50,4,2
51,4,2
60,4,2
70,4,2
83,4,2
84,4,2
85,4,2
86,4,2
88,4,2
91,4,2
95,4,2
100,4,2
102,4,2
103,4,2
105,4,2
106,4,2
109,4,2
111,4,2
112,4,2
113,4,2
114,4,2
119,4,2
120,4,2
122,4,2
128,4,2
129,4,2
130,4,2
133,4,2
145,4,2
150,4,2
155,4,2
163,4,2
166,4,2
167,4,2
168,4,2
169,4,2
170,4,2
171,4,2
172,4,2
173,4,2
183,4,2
185,4,2
186,4,2
187,4,2
188,4,2
189,4,2
211,4,2
214,4,2
215,4,2
216,4,2
231,4,2
232,4,2
243,4,2
251,4,2
254,4,2
260,4,2
266,4,2
271,4,2
272,4,2
283,4,2
285,4,2
293,4,2
296,4,2
297,4,2
311,4,2
312,4,2
324,4,2
327,4,2
329,4,2
334,4,2
335,4,2
337,4,2
347,4,2
348,4,2
351,4,2
354,4,2
356,4,2
357,4,2
358,4,2
359,4,2
362,4,2
368,4,2
371,4,2
373,4,2
374,4,2
379,4,2
382,4,2
383,4,2
386,4,2
387,4,2
396,4,2
402,4,2
404,4,2
406,4,2
422,4,2
429,4,2
430,4,2
438,4,2
442,4,2
445,4,2
447,4,2
454,4,2
456,4,2
465,4,2
466,4,2
468,4,2
476,4,2
481,4,2
482,4,2
483,4,2
485,4,2
491,4,2
492,4,2
493,4,2
494,4,2
500,4,2
506,4,2
507,4,2
509,4,2
520,4,2
523,4,2
526,4,2
528,4,2
530,4,2
532,4,2
538,4,2
539,4,2
541,4,2
542,4,2
555,4,2
559,4,2
565,4,2
567,4,2
570,4,2
571,4,2
572,4,2
576,4,2
577,4,2
578,4,2
589,4,2
593,4,2
614,4,2
617,4,2
618,4,2
619,4,2
620,4,2
621,4,2
632,4,2
636,4,2
638,4,2
640,4,2
644,4,2
649,4,2
655,4,2
660,4,2
662,4,2
664,4,2
667,4,2
668,4,2
670,4,2
685,4,2
687,4,2
701,4,2
705,4,2
710,4,2
715,4,2
723,4,2
725,4,2
744,4,2
764,4,2
765,4,2
770,4,2
781,4,2
782,4,2
785,4,2
788,4,2
789,4,2
790,4,2
800,4,2
802,4,2
803,4,2
809,4,2
823,4,2
825,4,2
826,4,2
834,4,2
835,4,2
837,4,2
839,4,2
852,4,2
854,4,2
856,4,2
857,4,2
859,4,2
861,4,2
864,4,2
868,4,2
869,4,2
875,4,2
883,4,2
907,4,2
913,4,2
915,4,2
924,4,2
925,4,2
930,4,2
931,4,2
939,4,2
964,4,2
973,4,2
974,4,2
975,4,2
976,4,2
982,4,2
984,4,2
985,4,2
986,4,2
1055,4,2
1068,4,2
1072,4,2
1077,4,2
1104,4,2
1105,4,2
1106,4,2
1113,4,2
1120,4,2
1126,4,2
1147,4,2
1152,4,2
1153,4,2
1156,4,2
1161,4,2
1166,4,2
1167,4,2
1168,4,2
1169,4,2
1176,4,2
1177,4,2
1183,4,2
1184,4,2
1187,4,2
1202,4,2
1204,4,2
1212,4,2
1215,4,2
1218,4,2
1220,4,2
1221,4,2
1246,4,2
1247,4,2
1248,4,2
1249,4,2
1261,4,2
1262,4,2
1279,4,2
1290,4,2
1291,4,2
1302,4,2
1312,4,2
1319,4,2
1328,4,2
1331,4,2
1333,4,2
1334,4,2
1335,4,2
1342,4,2
1362,4,2
1365,4,2
1376,4,2
1386,4,2
1387,4,2
1388,4,2
1398,4,2
1414,4,2
1415,4,2
1419,4,2
1422,4,2
1425,4,2
1426,4,2
1429,4,2
1451,4,2
1452,4,2
1464,4,2
1471,4,2
1475,4,2
1477,4,2
1478,4,2
1480,4,2
1481,4,2
1483,4,2
1490,4,2
1501,4,2
1502,4,2
1509,4,2
1512,4,2
1513,4,2
1530,4,2
1534,4,2
1536,4,2
1537,4,2
1540,4,2
1542,4,2
1554,4,2
1555,4,2
1567,4,2
1578,4,2
1579,4,2
1580,4,2
1597,4,2
1611,4,2
1613,4,2
1625,4,2
1658,4,2
1661,4,2
1666,4,2
1667,4,2
1668,4,2
1672,4,2
1681,4,2
1689,4,2
1700,4,2
1702,4,2
1703,4,2
1704,4,2
1705,4,2
1707,4,2
1708,4,2
1715,4,2
1722,4,2
1726,4,2
1727,4,2
1736,4,2
1737,4,2
1738,4,2
1741,4,2
1756,4,2
1759,4,2
1775,4,2
1781,4,2
1791,4,2
1801,4,2
1804,4,2
1805,4,2
1807,4,2
1809,4,2
1810,4,2
1818,4,2
1821,4,2
1829,4,2
1831,4,2
1835,4,2
1837,4,2
1844,4,2
1845,4,2
1846,4,2
1847,4,2
1859,4,2
1861,4,2
1864,4,2
1867,4,2
1868,4,2
1869,4,2
1870,4,2
1876,4,2
1885,4,2
1890,4,2
1891,4,2
1892,4,2
1893,4,2
1910,4,2
1914,4,2
1916,4,2
1917,4,2
1923,4,2
1925,4,2
1926,4,2
1935,4,2
1943,4,2
1944,4,2
1948,4,2
1951,4,2
1957,4,2
1958,4,2
1969,4,2
1970,4,2
1972,4,2
1975,4,2
1977,4,2
1978,4,2
1979,4,2
1983,4,2
1984,4,2
1985,4,2
1986,4,2
1993,4,2
2004,4,2
2005,4,2
2006,4,2
2009,4,2
2013,4,2
2014,4,2
2032,4,2
2033,4,2
2035,4,2
2047,4,2
2048,4,2
2056,4,2
2059,4,2
2060,4,2
2069,4,2
2075,4,2
2077,4,2
2078,4,2
2097,4,2
2098,4,2
2100,4,2
2102,4,2
2103,4,2
2104,4,2
2106,4,2
2117,4,2
2125,4,2
2130,4,2
2132,4,2
2133,4,2
2135,4,2
2137,4,2
2138,4,2
2146,4,2
2147,4,2
12,4,3
17,4,3
18,4,3
34,4,3
35,4,3
36,4,3
39,4,3
49,4,3
65,4,3
75,4,3
78,4,3
79,4,3
80,4,3
89,4,3
90,4,3
94,4,3
108,4,3
115,4,3
125,4,3
132,4,3
134,4,3
135,4,3
136,4,3
137,4,3
138,4,3
139,4,3
140,4,3
141,4,3
146,4,3
147,4,3
148,4,3
152,4,3
153,4,3
154,4,3
161,4,3
165,4,3
177,4,3
178,4,3
179,4,3
182,4,3
191,4,3
203,4,3
204,4,3
205,4,3
206,4,3
207,4,3
208,4,3
209,4,3
210,4,3
212,4,3
217,4,3
236,4,3
238,4,3
239,4,3
240,4,3
241,4,3
242,4,3
244,4,3
245,4,3
246,4,3
252,4,3
253,4,3
257,4,3
259,4,3
267,4,3
269,4,3
281,4,3
282,4,3
289,4,3
290,4,3
291,4,3
292,4,3
298,4,3
299,4,3
300,4,3
301,4,3
302,4,3
303,4,3
309,4,3
314,4,3
315,4,3
317,4,3
326,4,3
332,4,3
339,4,3
343,4,3
349,4,3
350,4,3
372,4,3
385,4,3
395,4,3
405,4,3
413,4,3
414,4,3
415,4,3
416,4,3
418,4,3
423,4,3
424,4,3
427,4,3
428,4,3
441,4,3
446,4,3
453,4,3
455,4,3
462,4,3
463,4,3
473,4,3
474,4,3
480,4,3
490,4,3
495,4,3
496,4,3
497,4,3
498,4,3
503,4,3
508,4,3
513,4,3
517,4,3
522,4,3
524,4,3
529,4,3
533,4,3
546,4,3
548,4,3
551,4,3
556,4,3
557,4,3
558,4,3
561,4,3
582,4,3
586,4,3
592,4,3
598,4,3
601,4,3
605,4,3
606,4,3
622,4,3
627,4,3
630,4,3
651,4,3
652,4,3
653,4,3
659,4,3
663,4,3
673,4,3
674,4,3
677,4,3
683,4,3
688,4,3
698,4,3
699,4,3
702,4,3
724,4,3
728,4,3
730,4,3
743,4,3
745,4,3
746,4,3
762,4,3
768,4,3
780,4,3
783,4,3
784,4,3
787,4,3
797,4,3
810,4,3
811,4,3
812,4,3
814,4,3
815,4,3
817,4,3
818,4,3
846,4,3
848,4,3
865,4,3
871,4,3
874,4,3
884,4,3
888,4,3
892,4,3
893,4,3
894,4,3
895,4,3
896,4,3
897,4,3
904,4,3
916,4,3
917,4,3
919,4,3
926,4,3
929,4,3
933,4,3
937,4,3
947,4,3
948,4,3
955,4,3
958,4,3
959,4,3
961,4,3
962,4,3
965,4,3
966,4,3
969,4,3
988,4,3
990,4,3
1001,4,3
1005,4,3
1006,4,3
1007,4,3
1008,4,3
1016,4,3
1018,4,3
1022,4,3
1025,4,3
1031,4,3
1032,4,3
1036,4,3
1038,4,3
1041,4,3
1046,4,3
1048,4,3
1053,4,3
1069,4,3
1078,4,3
1079,4,3
1082,4,3
1087,4,3
1088,4,3
1094,4,3
1095,4,3
1096,4,3
1114,4,3
1115,4,3
1116,4,3
1123,4,3
1124,4,3
1125,4,3
1127,4,3
1128,4,3
1129,4,3
1130,4,3
1131,4,3
1134,4,3
1135,4,3
1136,4,3
1137,4,3
1138,4,3
1148,4,3
1160,4,3
1170,4,3
1180,4,3
1186,4,3
1193,4,3
1198,4,3
1200,4,3
1219,4,3
1223,4,3
1230,4,3
1238,4,3
1252,4,3
1253,4,3
1256,4,3
1271,4,3
1277,4,3
1280,4,3
1281,4,3
1284,4,3
1287,4,3
1294,4,3
1304,4,3
1310,4,3
1327,4,3
1329,4,3
1330,4,3
1337,4,3
1343,4,3
1351,4,3
1360,4,3
1364,4,3
1366,4,3
1367,4,3
1368,4,3
1371,4,3
1393,4,3
1403,4,3
1409,4,3
1416,4,3
1417,4,3
1432,4,3
1446,4,3
1448,4,3
1449,4,3
1462,4,3
1463,4,3
1469,4,3
1470,4,3
1482,4,3
1492,4,3
1496,4,3
1500,4,3
1511,4,3
1514,4,3
1520,4,3
1528,4,3
1539,4,3
1557,4,3
1570,4,3
1571,4,3
1572,4,3
1573,4,3
1574,4,3
1575,4,3
1604,4,3
1606,4,3
1612,4,3
1624,4,3
1639,4,3
1647,4,3
1654,4,3
1656,4,3
1676,4,3
1683,4,3
1684,4,3
1688,4,3
1694,4,3
1697,4,3
1716,4,3
1733,4,3
1734,4,3
1745,4,3
1751,4,3
1758,4,3
1764,4,3
1769,4,3
1774,4,3
1777,4,3
1778,4,3
1779,4,3
1782,4,3
1785,4,3
1786,4,3
1794,4,3
1795,4,3
1798,4,3
1799,4,3
1802,4,3
1814,4,3
1815,4,3
1817,4,3
1827,4,3
1836,4,3
1840,4,3
1841,4,3
1848,4,3
1853,4,3
1860,4,3
1872,4,3
1879,4,3
1880,4,3
1884,4,3
1886,4,3
1888,4,3
1896,4,3
1897,4,3
1901,4,3
1903,4,3
1915,4,3
1924,4,3
1930,4,3
1933,4,3
1934,4,3
1942,4,3
1955,4,3
1962,4,3
1965,4,3
1968,4,3
1971,4,3
1974,4,3
1980,4,3
1982,4,3
1989,4,3
1991,4,3
1992,4,3
1995,4,3
1996,4,3
1998,4,3
2000,4,3
2010,4,3
2015,4,3
2017,4,3
2024,4,3
2025,4,3
2026,4,3
2030,4,3
2036,4,3
2043,4,3
2044,4,3
2046,4,3
2049,4,3
2052,4,3
2061,4,3
2079,4,3
2083,4,3
2086,4,3
2101,4,3
2109,4,3
2111,4,3
2112,4,3
2113,4,3
2114,4,3
2115,4,3
2119,4,3
2120,4,3
2121,4,3
2122,4,3
2123,4,3
2124,4,3
2128,4,3
2129,4,3
2136,4,3
2141,4,3
2148,4,3
2149,4,3
2150,4,3
2152,4,3
2154,4,3
0,4,4
5,4,4
6,4,4
8,4,4
9,4,4
26,4,4
27,4,4
28,4,4
29,4,4
54,4,4
55,4,4
56,4,4
57,4,4
58,4,4
59,4,4
61,4,4
66,4,4
74,4,4
77,4,4
81,4,4
93,4,4
97,4,4
98,4,4
99,4,4
101,4,4
104,4,4
116,4,4
117,4,4
118,4,4
121,4,4
123,4,4
124,4,4
142,4,4
143,4,4
149,4,4
160,4,4
174,4,4
190,4,4
196,4,4
197,4,4
198,4,4
200,4,4
201,4,4
202,4,4
221,4,4
226,4,4
227,4,4
237,4,4
247,4,4
261,4,4
263,4,4
313,4,4
318,4,4
321,4,4
322,4,4
325,4,4
328,4,4
331,4,4
336,4,4
352,4,4
380,4,4
384,4,4
390,4,4
392,4,4
432,4,4
436,4,4
443,4,4
451,4,4
452,4,4
457,4,4
459,4,4
461,4,4
464,4,4
469,4,4
486,4,4
510,4,4
511,4,4
512,4,4
521,4,4
527,4,4
534,4,4
545,4,4
552,4,4
553,4,4
560,4,4
564,4,4
566,4,4
569,4,4
574,4,4
579,4,4
580,4,4
581,4,4
585,4,4
588,4,4
590,4,4
594,4,4
595,4,4
596,4,4
602,4,4
604,4,4
610,4,4
615,4,4
625,4,4
631,4,4
635,4,4
637,4,4
647,4,4
654,4,4
658,4,4
665,4,4
669,4,4
679,4,4
684,4,4
689,4,4
691,4,4
693,4,4
703,4,4
709,4,4
711,4,4
719,4,4
720,4,4
721,4,4
726,4,4
729,4,4
731,4,4
732,4,4
734,4,4
735,4,4
736,4,4
737,4,4
748,4,4
749,4,4
750,4,4
751,4,4
755,4,4
760,4,4
766,4,4
769,4,4
771,4,4
772,4,4
775,4,4
776,4,4
777,4,4
778,4,4
805,4,4
822,4,4
824,4,4
828,4,4
832,4,4
843,4,4
845,4,4
847,4,4
851,4,4
885,4,4
886,4,4
890,4,4
898,4,4
906,4,4
908,4,4
910,4,4
912,4,4
921,4,4
932,4,4
940,4,4
942,4,4
945,4,4
946,4,4
954,4,4
956,4,4
967,4,4
968,4,4
980,4,4
981,4,4
996,4,4
999,4,4
1000,4,4
1004,4,4
1010,4,4
1011,4,4
1012,4,4
1014,4,4
1017,4,4
1020,4,4
1021,4,4
1024,4,4
1039,4,4
1043,4,4
1047,4,4
1052,4,4
1058,4,4
1059,4,4
1060,4,4
1075,4,4
1076,4,4
1081,4,4
1086,4,4
1097,4,4
1098,4,4
1100,4,4
1109,4,4
1112,4,4
1118,4,4
1119,4,4
1140,4,4
1141,4,4
1142,4,4
1143,4,4
1144,4,4
1146,4,4
1150,4,4
1154,4,4
1155,4,4
1162,4,4
1174,4,4
1175,4,4
1178,4,4
1182,4,4
1185,4,4
1190,4,4
1191,4,4
1192,4,4
1196,4,4
1203,4,4
1205,4,4
1206,4,4
1207,4,4
1208,4,4
1209,4,4
1210,4,4
1211,4,4
1213,4,4
1217,4,4
1222,4,4
1227,4,4
1228,4,4
1231,4,4
1232,4,4
1233,4,4
1234,4,4
1235,4,4
1236,4,4
1237,4,4
1239,4,4
1240,4,4
1245,4,4
1250,4,4
1263,4,4
1264,4,4
1265,4,4
1266,4,4
1267,4,4
1268,4,4
1269,4,4
1270,4,4
1272,4,4
1274,4,4
1283,4,4
1288,4,4
1289,4,4
1295,4,4
1298,4,4
1299,4,4
1300,4,4
1307,4,4
1308,4,4
1309,4,4
1313,4,4
1314,4,4
1315,4,4
1317,4,4
1318,4,4
1332,4,4
1339,4,4
1344,4,4
1345,4,4
1346,4,4
1347,4,4
1348,4,4
1350,4,4
1358,4,4
1359,4,4
1369,4,4
1372,4,4
1373,4,4
1374,4,4
1375,4,4
1377,4,4
1378,4,4
1379,4,4
1381,4,4
1382,4,4
1399,4,4
1401,4,4
1402,4,4
1404,4,4
1405,4,4
1423,4,4
1424,4,4
1427,4,4
1430,4,4
1437,4,4
1438,4,4
1441,4,4
1444,4,4
1445,4,4
1447,4,4
1456,4,4
1457,4,4
1458,4,4
1459,4,4
1472,4,4
1493,4,4
1497,4,4
1504,4,4
1515,4,4
1516,4,4
1518,4,4
1519,4,4
1526,4,4
1531,4,4
1532,4,4
1533,4,4
1535,4,4
1538,4,4
1545,4,4
1551,4,4
1552,4,4
1558,4,4
1560,4,4
1561,4,4
1564,4,4
1565,4,4
1586,4,4
1587,4,4
1589,4,4
1590,4,4
1592,4,4
1595,4,4
1598,4,4
1599,4,4
1600,4,4
1601,4,4
1602,4,4
1603,4,4
1605,4,4
1614,4,4
1615,4,4
1616,4,4
1617,4,4
1618,4,4
1619,4,4
1622,4,4
1623,4,4
1635,4,4
1641,4,4
1643,4,4
1644,4,4
1646,4,4
1650,4,4
1651,4,4
1664,4,4
1665,4,4
1670,4,4
1671,4,4
1673,4,4
1682,4,4
1690,4,4
1696,4,4
1714,4,4
1725,4,4
1729,4,4
1739,4,4
1744,4,4
1746,4,4
1752,4,4
1757,4,4
1763,4,4
1765,4,4
1770,4,4
1771,4,4
1792,4,4
1796,4,4
1811,4,4
1812,4,4
1813,4,4
1834,4,4
1839,4,4
1842,4,4
1849,4,4
1857,4,4
1863,4,4
1875,4,4
1898,4,4
1904,4,4
1905,4,4
1906,4,4
1907,4,4
1920,4,4
1921,4,4
1927,4,4
1928,4,4
1931,4,4
1940,4,4
1941,4,4
1949,4,4
1954,4,4
1961,4,4
1994,4,4
1997,4,4
1999,4,4
2001,4,4
2012,4,4
2029,4,4
2037,4,4
2057,4,4
2058,4,4
2067,4,4
2068,4,4
2070,4,4
2073,4,4
2074,4,4
2084,4,4
2087,4,4
2088,4,4
2094,4,4
2095,4,4
2099,4,4
